title,desc,image,url,source,date,ru_title,ru_desc
反制美国 中国将建技术安全管理清单 禁关键技术输出,继中国商务部建立不可靠实体清单之后，中国国家发改委又计划设立国家技术安全管理清单，以反制美国的技术禁运。  在美国对华为等中国企业发出禁令之后，中国近日连续推出反制措施。中国商务部上周五宣布，将建立不可,/english/images/rfa-logo-400.jpg,https://www.rfa.org/mandarin/Xinwen/6-06082019175313.html,RFA,20190609,"Чтобы противостоять США, Китай создаст список управления технической безопасностью, чтобы запретить экспорт ключевых технологий.","После того, как министерство торговли Китая составило список ненадежных организаций, Национальная комиссия по развитию и реформам Китая планирует составить национальный список управления технологической безопасностью, чтобы противостоять технологическому эмбарго США. После того, как Соединенные Штаты ввели запрет на китайские компании, такие как Huawei, Китай недавно предпринял контрмеры. Министерство торговли Китая объявило в пятницу, что построит"
賴清德已經讓到不能再讓！親賴立委：遊戲規則不利仍參選到底,民進黨中執會29日以「共識不表決」方式通過總統初選日程相關事宜，事後前行政院長賴清德發出聲明，並痛斥「被修改的不是『辦法』而是『民主』，被傷害的不是『初選』 而是『民進黨』！」對此，親賴的民進黨立委郭國文今天 (31日) 表示，賴院長已經讓到不能再讓，雖然規則改後對他相當不利，但他依舊面對、堅持參選,https://newtalk.tw/resize_action2/s.newtalk.tw/album/news/254/5cf0a0a0745aa.PNG?imgmax=800,https://newtalk.tw/news/view/2019-05-31/253962,NewTalk.tw,20190601,"Лай Циндэ уже так много сделал, что больше не может сдаваться! Депутат Лай Лай: Правила игры невыгодны, и он все равно будет баллотироваться на выборах до конца","29-го Центральный исполнительный комитет Демократической прогрессивной партии принял повестку дня, связанную с первичными президентскими выборами, путем «консенсуса без голосования». «Первичные выборы» - это «ДПП»!» - Лай, депутат от ДПП, заявил сегодня (31-го числа), что Дин Лай уже сдался до такой степени, что больше не может сдаваться, хотя изменение правил весьма неблагоприятно для него, но он все еще сталкивается и настаивает на том, чтобы баллотироваться на выборах."
踢出貿易白名單、取消定期交流活動，日韓關係為何突然惡化？,"日本在7月初宣布，基於「安保因素」，將對3種重要的半導體材料實施管控，限制輸入韓國，未來從過去的大量審批，將改為單次審批，且審批期達3個月。消息一出，引發韓國各界譁然與抗議。 標籤: 文在寅, 安倍­晉三, 日韓貿易戰, 徵用工判決, 半導體, 白名單, 西太平洋小學堂",https://image6.thenewslens.com/2019/8/4hflu35pp1e4xcjf8p79o8xbtllyxj.jpg?h=628&w=1200,https://www.thenewslens.com/article/123156,NewsLens,20190808,"Почему японо-южнокорейские отношения внезапно ухудшились после того, как их исключили из торгового белого списка и отменили регулярную деятельность по обмену?","В начале июля Япония объявила, что на основе «факторов безопасности» она будет осуществлять контроль над тремя важными полупроводниковыми материалами и ограничит импорт в Южную Корею.В будущем большое количество разрешений в прошлом будет изменено на одно разрешение, и срок утверждения составит до 3 месяцев. Как только новость вышла, она вызвала бурю негодования и протесты со стороны всех слоев общества в Южной Корее. Теги: Мун Чжэ Ин, Синдзо Абэ, торговая война между Японией и Южной Кореей, вердикт о наборе рабочей силы, полупроводник, белый список, Начальная школа Западной части Тихого океана"
本地去年总就业人数五年来增幅最大 被裁工人连续两年减少,"劳动市场去年显著改善，就业总人数除了扭转2017年的跌势，也取得自2014年以来最大的增长幅度。去年被裁退的人数也有所减少，延续了更早一年的下降势头。但专业人士、经理、执行人员及技师（professionals, managers, executives and technicians，简称PMET）在被裁人数中占了近八成，远高于这个群体在劳动力中所占百分比。",https://www.zaobao.com.sg/sites/default/files/styles/og_share_medium/public/images/201903/20190315/heng3974.jpg?itok=tMcvuAoW&c=a87f927ff9ed9927f6c30276b35ab07f,https://www.zaobao.com.sg/news/singapore/story20190315-940132?utm_medium=social&utm_source=facebook#echobox=1552611557,Zaobao,20190315,"В прошлом году общее количество местных занятых увеличилось больше всего за пять лет, а количество уволенных работников сократилось два года подряд.","Рынок труда значительно улучшился в прошлом году, при этом общее количество занятых не только обратило вспять снижение в 2017 году, но и достигло самого большого роста с 2014 года. Число уволенных также сократилось в прошлом году, продолжая снижение по сравнению с предыдущим годом. Но на специалистов, менеджеров, руководителей и техников (PMET) приходилось почти 80 процентов увольнений, что намного выше, чем доля этой группы в рабочей силе."
華為控告美國商務部 涉嫌非法扣押電信設備,綜合外電報導，中國電信設備大廠華為在美東時間 21 日，正式向聯邦法院控告美國商務部，涉嫌在 2017 年非法扣押華為電信設備。截至目前，美國商務部尚未對此回應。,https://cdn.taronews.tw/files/2018/12/20181208PHO0042l.jpg,https://taronews.tw/2019/06/22/379489/,芋傳媒,20190623,Huawei подает в суд на Министерство торговли США за незаконный захват телекоммуникационного оборудования,"Согласно обширным зарубежным сообщениям, Huawei, крупный китайский производитель телекоммуникационного оборудования, официально подала иск против Министерства торговли США в федеральный суд 21-го числа по восточному времени за якобы незаконный захват телекоммуникационного оборудования Huawei в 2017 году. Пока Министерство торговли США не отреагировало на это."
數位身分證放不放國旗 徐國勇：保留開放態度,內政部長徐國勇今天表示，過去兩蔣時代的身分證都沒有國旗，大部分國家的身分證也沒有國旗，不希望國旗問題變成政治議題。目前身分證版本還在徵求意見，他保留開放的態度。,https://cdn.taronews.tw/files/2019/03/20190319PHO0031l.jpg,https://taronews.tw/2019/03/19/285359/,芋傳媒,20190320,Не размещайте национальный флаг на цифровом удостоверении личности Сюй Гоюн: сохраняйте открытое отношение,"Министр внутренних дел Сюй Гоюн заявил сегодня, что в удостоверениях личности эпохи Чан Кай-ши не было национального флага, а в удостоверениях личности большинства стран также не было национального флага. стать политическим вопросом. В настоящее время версия удостоверения личности все еще требует комментариев, и он сохраняет открытую позицию."
鋒面來襲中苗投大雨 頭份鄉里助搶收西瓜,鋒面來襲，中苗投降下大雨，台中和平、大安，南投國姓及苗栗三義，凌晨到早上十點二十為止，累積雨量破百或近百毫米。苗栗頭份的西瓜農擔心泡水血本無歸，趕緊搶收，希望能減少損失。...,https://daf1ua3hmwh9p.cloudfront.net/news_images/434209/1560231118y.jpg,https://news.pts.org.tw/article/434209,PTS.org.tw,20190611,"Фронт обрушивается на Чжунмяо проливным дождем, а деревня Тоуфен помогает собирать арбузы","Ударил фронт, проливной дождь прошел в Чжунмяо, Тайчжун-Хэпине, Даане, Наньтоу-Госине и Мяоли-Саньи.С раннего утра до 10:20 накопленное количество осадков превысило 100 или почти 100 миллиметров. Фермеры, выращивающие арбузы в Тоуфене, Мяоли, беспокоились, что потеряют все, если их замочат в воде, поэтому они бросились собирать их, надеясь уменьшить свои потери. ..."
同為警察執法使用槍械，為何兩案判決大不同？,"警察為了追捕嫌犯獲通緝犯，難免會有使用槍械的必要情形。過去也有員警在追緝通緝犯的過程中，不慎擊斃通緝犯的新聞。該名員警被依業務過失致死起訴，最後被判刑6個月定讞。為什麼都是警察執法使用槍械，卻有不同的判決呢？ 標籤: 警察, 通緝犯, 追緝, 比例原則, 業務過失致死, 開槍, 偵查, 再議, 警察開槍",https://image6.thenewslens.com/2019/7/4j54i5hwry1wi3py1fps1gf1r42vs6.jpg?auto=compress&fit=crop&h=648&q=85&updated_at=2019-07-12-20-52-12&w=1080,https://www.thenewslens.com/article/122044,NewsLens,20190715,"Почему решения по двум делам настолько различаются, когда полиция применяет огнестрельное оружие в правоохранительных органах?","Неизбежно, что полиция будет использовать огнестрельное оружие для выслеживания подозреваемых и получения разыскиваемых преступников. В прошлом также были новости о том, что полиция случайно застрелила разыскиваемого преступника в процессе погони за разыскиваемым преступником. Полицейский был привлечен к ответственности за профессиональную смерть по неосторожности и в конечном итоге был приговорен к 6 месяцам тюремного заключения. Почему полиция применяет огнестрельное оружие в правоохранительных органах, но имеет разные сроки наказания? Тэги: Полиция, Самый разыскиваемый, Разыскиваемый, Соразмерность, Неправомерная смерть, Стрельба, Расследование, Повторные переговоры, Полицейская стрельба"
輔醫引進紳漢機器人手臂 盼成國際培訓中心,輔仁大學附設醫院亞洲首例引進機器人手臂「紳漢高智感微創手術系統」。校長江漢聲表示，未來將成立設計中心及訓練中心，盼作為國際機器手臂醫護培訓中心。,https://cdn.taronews.tw/files/2019/07/20190701PHO0183l.jpg,https://taronews.tw/2019/07/01/388489/,芋傳媒,20190702,Вспомогательный врач представляет робота-манипулятора Shenhan Международный учебный центр Pancheng,"Дочерняя больница Католического университета Фу Джен первой в Азии представила робота-манипулятора «Минимально инвазивная хирургическая система Shen-Han Gao Zhishen». Директор Цзян Ханьшэн сказал, что центр дизайна и учебный центр будут созданы в будущем, надеясь стать международным медицинским учебным центром для роботов-манипуляторов."
罷免韓國瑜連署踴躍 台灣基進高雄急募志工,台灣基進高雄黨部主委李欣翰今天說，罷免高雄市長韓國瑜的罷韓行動開跑後，連署踴躍，辦公室已呈現「瀕臨癱瘓」狀態，導致工作人員極度過勞，將首波招收志工至少百名。,https://cdn.taronews.tw/files/2019/07/20190701PHO0078l.jpg,https://taronews.tw/2019/07/08/395987/,芋傳媒,20190709,"Добровольцы активно набираются для удаления Хань Го-ю, Тайваньский фонд Гаосюн","Ли Синьхан, председатель партии Тайваньского фонда Гаосюн, заявил сегодня, что после начала импичмента мэру Гаосюна Хань Го-юй было подано много петиций, и офис был «на грани паралича», в результате чего сотрудники были чрезвычайно перегружены работой. Первая волна добровольцев будет набрана не меньше сотни."
车上掐死烧尸3天 男子控杀女工程师,31岁美女工程师惨遭杀害弃尸林厝港一案，今早在高庭开审，揭露被告是“冷酷无情”的骗子，假装是拥有洗衣店生意的离婚汉，对女工程师骗财骗色。女工程师揭发被告的谎言，要到洗衣店找他对峙，半路遭被告拦截，在车上将她活活掐死，之后弃尸荒野，花三天焚烧尸体，毁尸灭迹。今年50岁的被告邱贵福面对一项谋杀罪名，他并不认罪，案件今早开审，一共12天。,https://www.zaobao.com.sg/sites/default/files/styles/og_share_medium/public/images/201903/20190312/20190312_laundry_murder.jpg?itok=JOQ9UVxB&c=bd978c295f365d447c37b6b45246bf23,https://www.zaobao.com.sg/znews/singapore/story20190312-939352?utm_medium=social&utm_source=facebook#echobox=1552379048,Zaobao,20190313,"Мужчину обвиняют в убийстве женщины-инженера после того, как он душил и сжигал труп в машине в течение 3 дней","Дело 31-летней женщины-инженера, которая была зверски убита и брошена в Лим Чу Канге, слушалось этим утром в Высоком суде, и выяснилось, что ответчик был «безжалостным» лжецом, который притворялся разведенным мужчиной, владевшим прачечный бизнес, чтобы обмануть женщину-инженера на деньги и секс. Женщина-инженер разоблачила ложь подсудимого и хотела противостоять ему в прачечной, но была остановлена ​​ответчиком на полпути, задушила ее до смерти в машине, а затем выбросила ее тело в пустыне и провела три дня, сжигая тело дотла. уничтожьте это. 50-летнему подсудимому Цю Гуйфу предъявили обвинение в одном убийстве. Он не признал себя виновным. Дело было возбуждено сегодня утром и длилось в общей сложности 12 дней."
台東縣震災搶救訓練模擬36小時救災,台東縣消防局這個月輪值台灣國際人道救援任務，特別規畫救災訓練課程，其中有兩天一夜的地震災害搶救課程，經過36個小時不眠不休模擬救。...,https://news.pts.org.tw/news_images/428896/1555307670o.jpg,https://news.pts.org.tw/article/428896,PTS.org.tw,20190415,Обучение спасателей после землетрясения в округе Тайдун имитирует 36-часовую помощь при стихийных бедствиях,"В этом месяце пожарная служба округа Тайдун дежурит для международных гуманитарных спасательных миссий Тайваня и специально запланированных учебных курсов по оказанию помощи при стихийных бедствиях, включая двухдневный однодневный курс по спасению при землетрясении, который имитировал спасение после 36 часов непрерывного сна. . ..."
贫富差距和阶级分化：南加大学生的真实生活,南加大致力于招收不同背景的学生，在种族和社会经济构成多样性方面卓有成效。但金钱与地位仍是这座校园日常生活的一部分，贫富差距的鸿沟决定了学生校园体验的不同。,https://static01.nyt.com/images/2019/04/01/us/00divide1/merlin_152918448_b378295e-0936-4417-bd10-7bed7adcb6c2-articleLarge.jpg,https://cn.nytimes.com/usa/20190404/usc-admissions-scandal-students/,NYTimes,20190404,Разрыв в уровне благосостояния и классовый разрыв: реальная жизнь студентов Университета Южной Калифорнии,"USC стремится набирать студентов из разных слоев общества и добился успеха с точки зрения расового и социально-экономического разнообразия. Но деньги и статус по-прежнему являются частью повседневной жизни этого кампуса, и разрыв между богатыми и бедными определяет разницу в опыте студентов в кампусе."
欧洲大选给中国企业敲响警钟,宋欣：基于欧盟此前的一系列动作，结合竞选期间的观察，欧盟在对华问题的趋势上，将呈现“一松一紧、一攻一守、一进一退”的态势。,http://i.ftimg.net/picture/7/000086477_piclink.jpg,http://www.ftchinese.com/story/001082936,FT,20190529,Европейские выборы звучат тревожным звонком для китайских компаний,"Сун Синь: Основываясь на предыдущих действиях ЕС в сочетании с наблюдениями во время избирательной кампании, ЕС продемонстрирует тенденцию к «расслаблению и ужесточению, нападению и защите, наступлению и отступлению» в вопросе Китая."
快訊》「柯侯」合體破局  新北市府：侯友宜腰傷不克出席,「雙北合作交流平台」今（23）日登場，台北市長柯文哲與新北市長侯友宜原本預定在市長層級會議合體，這也是新上任的侯友宜首度與柯文哲進行「柯侯會」，在新北市瑞芳區深澳舉辦。不過，新北市政府新聞局長蔣志薇表示，由於侯友宜從過年期間彎腰發紅包，造成腰部拉傷，近日又頻繁跑行程，導致昨晚上腰傷加重，醫師告誡侯要,https://newtalk.tw/resize_action2/s.newtalk.tw/album/news/210/5c6b759316bee.jpg?imgmax=800,https://newtalk.tw/news/view/2019-02-23/211188,NewTalk.tw,20190224,"«Новости» «Ке Хоу» объединились, чтобы сломать игру Мэрия Нью-Тайбэя: Хоу Юи повредил спину и не может присутствовать","«Платформа сотрудничества и обмена Шуанбэй» дебютировала сегодня (23).Мэр Тайбэя Кэ Вэньчжэ и мэр Нового Тайбэя Хоу Юи изначально планировали встретиться на встрече на уровне мэров, которая состоялась в Шэньчжэне и Макао, округ Фанг. Однако Цзян Чживэй, директор Информационного бюро городского правительства Нового Тайбэя, сказал, что из-за того, что Хоу Юи наклонялся, чтобы раздать красные конверты во время китайского Нового года, что вызывало напряжение в талии, а в последнее время он часто бегал, травма талии ухудшилась в последнюю очередь. ночь Доктор предупредил Хоу"
金正恩終極目標: 2020年擁核經濟強國,韓國期待朝鮮領袖金正恩訪問首爾以及美國總統特朗普醞釀與金正恩二度首腦會談之際，韓國數據，文本，系統動力和心理多領域學者聯合研究，得出朝鮮領袖金正恩有在朝鮮建立強大核武器以及經濟體制的雄心壯志，並警告朝鮮或不可能棄核。,http://scd.cn.rfi.fr/sites/chinese.filesrfi/imagecache/rfi_16x9_1024_578/sites/images.rfi.fr/files/aef_image/2018-12-28t212029z_134050280_rc1de6fd3960_rtrmadp_3_northkorea-politics.jpg,http://trad.cn.rfi.fr/%E4%BA%9E%E6%B4%B2/20190105-%E9%87%91%E6%AD%A3%E6%81%A9%E7%B5%82%E6%A5%B5%E7%9B%AE%E6%A8%99-2020%E5%B9%B4%E6%93%81%E6%A0%B8%E7%B6%93%E6%BF%9F%E5%BC%B7%E5%9C%8B?ref=tw_i,RFI.fr,20190106,"Конечная цель Ким Чен Ына: стать экономической державой, обладающей ядерным оружием, к 2020 году.","Южная Корея с нетерпением ждет визита северокорейского лидера Ким Чен Ына в Сеул, а президент США Трамп готовится ко второй встрече на высшем уровне с Ким Чен Ыном. что северокорейский лидер Ким Чен Ын установил в Северной Корее мощное ядерное оружие и амбициозную экономическую систему, а также предупредил, что Северная Корея, возможно, не сможет провести денуклеаризацию."
加拿大官方证实康明凯遭中国拘押,加拿大全球事务部发言人Guillaume Bérubé 在回复本台查询的电子邮件中表示：我们知道这位加拿大公民在中国受到拘押。我们已直接向中国当局提出此案。,https://www.rfa.org/mandarin/Xinwen/2-12112018141710.html/121.jpg,https://www.rfa.org/mandarin/Xinwen/2-12112018141710.html,RFA,20181212,"Канадские официальные лица подтверждают, что Ковриг был задержан Китаем","Представитель Министерства по международным делам Канады Гийом Берубе сказал в ответ на наши запросы по электронной почте: «Нам известно, что этот гражданин Канады содержится под стражей в Китае. Мы подняли этот вопрос непосредственно перед китайскими властями."
「沒有戰爭 台灣就贏」 他這樣批評「主張台灣獨立」,繼19日以「穩健」為由，公開力挺總統蔡英文競選連任後，政大教授陳芳明今天(20日)再度在臉書上以「沒有戰爭，台灣就贏」為題發文，直指「主張台灣獨立，都是在騙取選票」。陳芳明說：「台灣能夠升格成為亞洲重要的國家，完全是憑恃島上的民主生活。台灣可以選舉總統，享有言論自由，台灣也更是亞洲第一個實現婚姻平權,https://newtalk.tw/resize_action2/s.newtalk.tw/album/news/223/5c91f1805bb0e.jpg?imgmax=800,https://newtalk.tw/news/view/2019-03-20/222608,NewTalk.tw,20190321,"«Тайвань победит, если не будет войны, — раскритиковал он, — выступая за независимость Тайваня».","После публичной поддержки кампании по переизбранию президента Цай Инвэнь на основании «постоянства» 19-го числа Чэнь Фанмин, профессор Национального университета Чэнчи, сегодня (20-го числа) снова опубликовал в Facebook статью под заголовком «Тайвань будет победить без войны», прямо указывая на то, что «защита независимости Тайваня — это мошенничество с голосами». Чэнь Фанмин сказал: «Стремление Тайваня стать важной страной в Азии полностью связано с демократической жизнью на острове. Тайвань может избирать президента и пользоваться свободой слова. Тайвань также первым в Азии добился равенства в браке."
民主党总统参选人各持怎样的中国政策?,本周，20名民主党总统参选人在密西根州底特律市展开了为期两晚的第二轮辩论，虽然辩论主要集中于美国国内议题，但中国问题，尤其是美中贸易政策问题还是屡屡出现在参选人的言辞交锋之间。随着选战的推进，各位参选人在中国问题上的立场和政策也在逐步明晰。,https://gdb.voanews.com/196C6134-175D-42AF-AE5B-8F4242E3DBBA_w1200_r1_s.jpg,https://www.voachinese.com/a/democratic-candidates-on-china-20190802/5025458.html,VOA,20190803,Какова политика кандидатов в президенты от Демократической партии в Китае?,"На этой неделе 20 кандидатов в президенты от Демократической партии начали двухдневный второй раунд дебатов в Детройте, штат Мичиган.Хотя дебаты в основном были сосредоточены на внутренних проблемах в Соединенных Штатах, вопросы Китая, особенно вопросы торговой политики США и Китая, неоднократно поднимались. Между риторикой кандидатов. По ходу кампании позиции и политика кандидатов по китайскому вопросу постепенно прояснялись."
非洲豬瘟肆虐 越南獸醫局建議發布緊急狀態,越南的非洲豬瘟疫情迅速蔓延，至今已有 55 個省市淪陷。越南獸醫局表示，疫情可能繼續擴大，將「覆蓋」全國 63 個省市，造成嚴重經濟損失，（政府）可以考慮發布國家緊急狀態。,https://cdn.taronews.tw/files/2018/03/vietnam-1242275_1280.jpg,https://taronews.tw/2019/06/13/370267/,芋傳媒,20190614,"Бушует африканская чума свиней, ветеринарный департамент Вьетнама рекомендует объявить чрезвычайное положение","Эпидемия африканской чумы свиней во Вьетнаме быстро распространилась, и к настоящему времени пострадало 55 провинций и городов. Департамент ветеринарии Вьетнама заявил, что эпидемия может продолжать расширяться и «охватить» 63 провинции и города по всей стране, что приведет к серьезным экономическим потерям, и (правительство) может рассмотреть возможность введения чрезвычайного положения."
國台圖首名駐館作家 王瓊玲分享人間溫暖情事,研究古典小說又擁有多元創作的學者作家王瓊玲，接受國立台灣圖書館特聘擔任首名駐館作家。在戲劇、小說、散文間創作轉換悠然，她分享創作，是想把人間良善溫暖找出來。,https://cdn.taronews.tw/files/2019/08/20190814PHO0095l.jpg,https://taronews.tw/2019/08/14/433800/,芋傳媒,20190815,Первый постоянный писатель China Taiwan Media Ван Цюнлин поделился теплотой мира,"Ван Цюнлин, ученый и писатель, изучающий классические романы и написавший множество произведений, принимает специальное назначение Национальной тайваньской библиотеки в качестве первого писателя-резидента. Неторопливо переключаясь между драмой, романом и прозой, она делилась своим творением, чтобы познать доброту и теплоту в мире."
澎湖糜蝦死亡 水試所研判與季節海潮有關,澎湖馬公中衛海域沿岸昨天有大量糜蝦死亡，水試所澎湖海生中心主任謝恆毅表示，糜蝦屬浮游生物，由於活動力不大，研判在春天季節隨海潮或是獵食者追捕等有關，導致擱淺致死。,https://cdn.taronews.tw/files/2019/03/20190318PHO0074l.jpg,https://taronews.tw/2019/03/18/284460/,芋傳媒,20190319,Гибель шипровой креветки Пэнху связана с сезонным приливом,"Большое количество креветок погибло вчера у берегов Чжунвэй, Магун, Пэнху. Се Хэнъи, директор Центра морской жизни Пэнху Института водных исследований, сказал, что креветки относятся к планктону. Из-за их низкой активности установлено, что они следуют за течением или весной на них охотятся хищники, что приводит к гибели в результате выброса на мель."
抗議、示威都沒用，要如何讓世衛看見台灣？姜冠宇揭露新公民外交計畫,第72屆世界衛生大會（WHA）即將在5月20日召開，儘管英、美、歐盟、加拿大等國家陸續表態聲援台灣與會，但世界衛生組織（WHO）始終維持一貫的回應，沒有兩岸和解就不會邀請台灣。當以外交部為首的政府部會積極呼籲國際促成台灣參加WHA時，去年倚靠集資將我國醫療軟實力帶到日內瓦的一群人, https://image.cache.storm.mg/styles/smg-800x533-fp/s3/media/image/2019/04/12/20190412-070609_U12879_M512480_94c9.jpg?itok=TF6xOO2V,https://www.storm.mg/article/1183869,風傳媒,20190420,"Протесты и демонстрации бесполезны, каким может быть Тайвань для ВОЗ? Цзян Гуаньюй раскрывает новый план гражданской дипломатии","72-я сессия Всемирной ассамблеи здравоохранения (ВАЗ) состоится 20 мая. Хотя Соединенное Королевство, Соединенные Штаты, Европейский союз, Канада и другие страны последовательно выражали свою поддержку участию Тайваня в этой встрече, Всемирная организация здравоохранения (ВОЗ ) всегда поддерживал последовательный ответ.Без примирения по обе стороны пролива не будет никакого Тайваня не будет приглашен. Когда правительственные министерства во главе с Министерством иностранных дел активно призывали международное сообщество содействовать участию Тайваня в ВАЗ, группа людей, которые полагались на сбор средств, чтобы принести медицинскую мягкую силу моей страны в Женеву в прошлом году"
美国“太空部队”提案上交国会,"美国官员表示，五角大厦已于3月1日向国会提案，成立全球第一支“太空部队”。 
 法新社报道说，这是应美国总统川普的要求所采取的作法。 
 依照目前计划，太空部队将是美军的独立军种，但受空军节制。将是美国的第6个",/english/images/rfa-logo-400.jpg,https://www.rfa.org/mandarin/Xinwen/1-03032019124725.html,RFA,20190304,Предложение США о создании космических сил направлено в Конгресс,"Официальные лица США заявили, что 1 марта Пентагон предложил Конгрессу создать первые в мире «космические силы».
 Agence France-Presse сообщило, что это было сделано по просьбе президента США Трампа.
 Согласно текущим планам, Космические силы будут независимой службой вооруженных сил США, но будут контролироваться ВВС. Будет 6-м в Америке"
回应美报告？中国：5个月解救外籍妇女1130名,继美国发布报告指中国人口贩卖情况严重后，中国公安部21日表示，中国与另外5个东南亚国家在一项打击拐卖人口的联合行动中，解救了1100多名被拐卖的外籍妇女和17名儿童。  中国公安部新闻发言人郭林介绍说，近年来，一些,/english/images/rfa-logo-400.jpg,https://www.rfa.org/mandarin/Xinwen/d-06212019143712.html,RFA,20190622,Ответ на доклад США? Китай: за 5 месяцев спасено 1130 иностранок,"После того, как Соединенные Штаты опубликовали отчет, в котором говорится, что ситуация с торговлей людьми в Китае является серьезной, Министерство общественной безопасности Китая заявило 21-го числа, что Китай и пять других стран Юго-Восточной Азии спасли более 1100 женщин-иностранок, ставших жертвами торговли людьми, и 17 человек в совместная операция против торговли людьми ребенок. Го Линь, представитель Министерства общественной безопасности Китая, сказал, что в последние годы некоторые"
堅持原初選制度 羅文嘉：卓榮泰選擇向歷史負責,民進黨總統初選制度僵局未解，民進黨秘書長羅文嘉今天表示，要為黨主席卓榮泰加油，當選擇向歷史與制度負責時，他是感動的，當選擇人煙稀少這條路時，他一定會陪，其實不是因為卓榮泰，因為一樣的信仰。,https://cdn.taronews.tw/files/2019/05/S__25427977.jpg,https://taronews.tw/2019/05/24/350775/,芋傳媒,20190525,Придерживаться первоначальной системы первичных выборов Луо Вэньцзя: Чжо Жунтай решил взять на себя ответственность перед историей,"Тупик в системе первичных президентских выборов ДПП до сих пор не решен.Генеральный секретарь ДПП Луо Вэньцзя заявил сегодня, что он должен поддержать председателя партии Чжо Жунтая.Он был тронут, когда решил нести ответственность за историю и систему.Когда он выбрал малонаселенная дорога Он обязательно будет сопровождать его, когда мы будем вместе, не из-за Чжо Жунтая, а из-за той же веры."
年金改革節省60.7億元 全數挹注退撫基金,公務人員年金改革去年 7 月 1 日上路，銓敘部今天表示， 2018 年下半年度，中央和各地方政府可節省經費合計 60 億 7000 萬餘元，將全數挹注退撫基金，今天已陳報考試院院會審查通過，後續將函請行政院會同確定。,https://cdn.taronews.tw/files/2018/09/20180907PHO0022l.jpg,https://taronews.tw/2019/02/21/261521/,芋傳媒,20190222,"Аннуитетная реформа сэкономила 6,07 млрд юаней, и все они будут вложены в пенсионный фонд.","Пенсионная реформа для государственных служащих началась 1 июля прошлого года.Министерство государственной службы заявило сегодня, что во второй половине 2018 года центральные и местные органы власти могут сэкономить в общей сложности более 6,07 млрд юаней денежных средств, что будут полностью вложены в пенсионный фонд.Отчет был представлен сегодня.Суд рассмотрит и утвердит его, а затем направит письмо в исполнительный юань для подтверждения."
大學申請過一階人次暴增 教團籲調整學測級分,教團今天表示， 2019 年度大學個人申請通過一階篩選人次遠大於預期，可能導致二階甄試錄取率大幅降低，呼籲教育部透過調整學測級分等配套來解決同分增額亂象。,https://cdn.taronews.tw/files/2019/03/20190331PHO0045l.jpg,https://taronews.tw/2019/03/31/296499/,芋傳媒,20190401,Резко увеличилось количество абитуриентов,"Религиозная группа заявила сегодня, что количество отдельных абитуриентов, прошедших первый этап отбора в 2019 году, было намного больше, чем ожидалось, что может привести к резкому падению уровня приема на второй этап отбора."
新新聞》「貨出人進」政績有點虛，韓國瑜棄市長選總統正當性不足,國民黨主席吳敦義保留總統提名人二階段徵召可能，讓高雄市長韓國瑜選總統的話題持續延燒。對此，地方認為，韓國瑜在地方上必須奠定影響長遠的政績，才能抵銷日後對手的「相罵本」。據ＴＶＢＳ二月二十一日發布民調，高達五六％高雄人不支持韓國瑜選總統。「若韓市長當不滿兩百天就要去選，對投給他的高, https://image.cache.storm.mg/styles/smg-800x533-fp/s3/media/image/2019/03/06/20190306-032425_U8719_M503604_ff93.JPG?itok=qkpFlIOE,https://www.storm.mg/article/1029651,風傳媒,20190307,"«Новые новости» «Товары приходят, а люди приходят» политические достижения немного фальшивы, а отказ Хань Гоюй от мэра баллотироваться на пост президента недостаточно законен.","Председатель Гоминьдана У Дуньи зарезервировал возможность второго этапа объявления кандидата в президенты, что продолжало разжигать тему президентских выборов мэра Гаосюна Хань Го-юя. В связи с этим местное правительство считает, что Хань Гоюй должен установить долгосрочные политические достижения на местном уровне, чтобы в будущем нивелировать «криминальную базу» своих противников. Согласно опросу, опубликованному TVBS 21 февраля, целых 56% жителей Гаосюна не поддерживают избрание Хань Го-юя президентом. «Мэр Руохан будет избран менее чем через 200 дней."
共軍遼寧號通過台海北返  國防部：全程掌控,國防部今天針對共軍航空母艦遼寧號通過台灣海峽北返表示，期間國軍運用聯合情監偵均能全程掌控與應處，確保國家安全與區域穩定，籲請國人放心。蘋果日報今天報導，共軍航空母艦遼寧號及護航編隊通過東沙島附近海域，根據遼寧號的航速計算，預計晚上即可駛出台灣海峽，返回青島母港，完成遼寧號去年大修後的首次繞台航訓。國,https://newtalk.tw/resize_action2/s.newtalk.tw/album/news/122/5ad8211b969e1.jpg?imgmax=800,https://newtalk.tw/news/view/2019-06-25/264345,NewTalk.tw,20190626,Коммунистическая армия Ляонин прошла через Тайвань и вернулась к Министерству национальной обороны: полный контроль,"Министерство национальной обороны заявило сегодня, что коммунистический авианосец ""Ляонин"" вернулся на север через Тайваньский пролив.В этот период национальная армия использовала совместную разведку, наблюдение и рекогносцировку для контроля и реагирования на протяжении всего процесса для обеспечения национальной безопасности и региональной стабильности. Apple Daily сообщила сегодня, что авианосец НОАК «Ляонин» и флот его сопровождения прошли воды вблизи острова Дунша.Согласно расчетам, основанным на скорости «Ляонина», ожидается, что вечером он выйдет из Тайваньского пролива и вернется в Циндао. порт. страна"
美忧北约系统遭骇 促德勿用华为5G,美国周一警告德国，5G网路若使用「不受信任的供应商」将带来风险，试图以可能影响双方情报分享向德国施压。如今，因5G而限制情报分享的规模可能扩及北大西洋公约联盟。,https://www.dw.com/image/47803852_7.jpg,https://www.dw.com/zh/%E7%BE%8E%E5%BF%A7%E5%8C%97%E7%BA%A6%E7%B3%BB%E7%BB%9F%E9%81%AD%E9%AA%87-%E4%BF%83%E5%BE%B7%E5%8B%BF%E7%94%A8%E5%8D%8E%E4%B8%BA5g/a-47863811?maca=chi-rss-chi-all-1127-rdf,DW,20190315,США призывают Германию не использовать Huawei 5G на фоне взлома НАТО,"В понедельник Соединенные Штаты предупредили Германию о рисках использования «ненадежных поставщиков» для своей сети 5G в попытке оказать давление на Германию, угрожая обмену разведданными между двумя сторонами. Теперь ограничения на обмен разведданными из-за 5G могут распространиться на альянс НАТО."
预测你未来健康状况的无形警告,事实证明，人工智能可以在我们之前发现疾病的预兆。利亚·卡明斯基是一名全科医生和作家，她认为这项技术可能会带领我们进入医疗保健的新时代。,https://ichef.bbci.co.uk/news/1024/branded_ukchina/141DD/production/_105379328_p06y8n7x.jpg,https://www.bbc.com/ukchina/simp/vert-fut-47038870,BBC,20190129,"Невидимые предупреждения, которые предсказывают ваше будущее здоровье","Оказывается, искусственный интеллект может обнаружить предупреждающие признаки болезни раньше нас. Лия Камински, врач общей практики и автор, считает, что технология может привести нас к новой эре здравоохранения."
杨莅--抽身水疗生意俏，却见政坛风浪高,20年前，东北姑娘杨莅怀揣着“美国梦”漂洋过海。后来她成为美国公民，在佛罗里达州创办水疗按摩店，参加社区活动，出入有美国政界名流亮相的场合，并在社交媒体上自豪地登出她与美国总统特朗普的合影。,https://gdb.voanews.com/21FEFE0D-A1A2-446F-BBAA-73CB0E696BE1_cx0_cy4_cw0_w1200_r1_s.jpg,https://www.voachinese.com/a/cindy-yang-20190329/4854310.html,VOA,20190330,"Ян Лай – бизнес в области экстракционных спа-центров процветает, но политическая нестабильность высока","Двадцать лет назад Ян Лай, девушка из Северо-Восточного Китая, путешествовала через океан с «американской мечтой» на руках. Позже она стала гражданкой США, открыла спа-салон и массажный салон во Флориде, участвовала в общественных мероприятиях, посещала мероприятия, на которых выступали американские политические знаменитости, и с гордостью размещала свою фотографию с президентом Трампом в социальных сетях."
胃癌患者接受免疫療法 緩解症狀,67 歲張姓婦人罹患胃癌末期，手術切除部分胃後，接受化學治療，病情起伏藥物未能控制，因腸阻塞無法進食、喝水，後採用免疫療法，經 1 年治療，癌症指數獲得控制，症狀緩解。,https://cdn.taronews.tw/files/2018/05/hospital-3089884_1280.jpg,https://taronews.tw/2019/03/27/292527/,芋傳媒,20190328,Больные раком желудка получают иммунотерапию для облегчения симптомов,"67-летняя женщина по фамилии Чжан страдала терминальным раком желудка.После хирургической резекции части желудка ей была проведена химиотерапия.Подъемы и спады ее состояния не контролировались лекарствами, и она не могла ни есть, ни пить из-за к кишечной непроходимости.Затем была применена иммунотерапия.Через 1 год лечения раковый индекс удалось контролировать.Симптомы купировались."
凌晨在南投民宿被查獲！鼓吹武統學者李毅上午7：25遣返香港,內政部移民署今天表示，由於中國學者李毅未依限離境，將由移民署人員於上午7時25分執行強制出境，於桃園機場搭CI-601班機離境前往香港。曾鼓吹武力統一台灣的中國學者李毅受中國和平統一促進會邀請訪台演講，但移民署昨天表示，李毅9日持觀光簽證入境台灣，不得發表演說，已廢止李毅入境許可，限令昨天出境。移民,https://newtalk.tw/resize_action2/s.newtalk.tw/album/news/233/5cafde0d87d03.png?imgmax=800,https://newtalk.tw/news/view/2019-04-12/232323,NewTalk.tw,20190413,"Его забрали в гостевом доме Наньтоу рано утром! Ли И, ученый, выступавший за объединение военных, был репатриирован в Гонконг в 7:25 утра.","Департамент иммиграции Министерства внутренних дел заявил сегодня, что, поскольку китайский ученый Ли И не покинул страну в установленные сроки, сотрудники Департамента иммиграции осуществят принудительную депортацию в 7:25 утра и покинут страну в рейс CI-601 в аэропорту Таоюань в Гонконге. Ли И, китайский ученый, который когда-то выступал за воссоединение Тайваня силой, был приглашен Китайской ассоциацией содействия мирному воссоединению, чтобы выступить на Тайване, однако вчера Департамент иммиграции заявил, что Ли И прибыл на Тайвань с туристом. Виза 9-го числа, и ему не разрешили выступить с речью. Разрешение на въезд Ли И было отменено. Покинуть страну. мигрант"
科技防灾：预测自然灾害的人工智能新技术,地震、海啸、洪水和森林火灾都是难以控制且破坏极大的自然灾害，人工智能领域的进展有助于预测灾害的发生。,https://ichef.bbci.co.uk/news/1024/branded_ukchina/51E3/production/_106136902_p0720fh6.jpg,https://www.bbc.com/ukchina/simp/vert-fut-47669454,BBC,20190323,Предотвращение техногенных катастроф: новая технология искусственного интеллекта для прогнозирования стихийных бедствий,"Землетрясения, цунами, наводнения и лесные пожары — это неуправляемые и разрушительные стихийные бедствия, и достижения в области искусственного интеллекта могут помочь предсказать их возникновение."
欧盟探索如何对抗中国式“国家资本主义”,围绕中国政府所支持的“国家资本主义”的担忧正促使欧盟重新评估其竞争法规，以备批准大型并购交易之用或对外国竞争者做出更强有力的回应。,https://si.wsj.net/public/resources/images/S1-BS166_euchin_G_20190115121646.jpg,https://cn.wsj.com/articles/%E6%AC%A7%E7%9B%9F%E6%8E%A2%E7%B4%A2%E5%A6%82%E4%BD%95%E5%AF%B9%E6%8A%97%E4%B8%AD%E5%9B%BD%E5%BC%8F%E2%80%9C%E5%9B%BD%E5%AE%B6%E8%B5%84%E6%9C%AC%E4%B8%BB%E4%B9%89%E2%80%9D-11547606412?tesla=y,WSJ,20190116,"ЕС изучает, как противостоять «государственному капитализму» в китайском стиле","Обеспокоенность по поводу «государственного капитализма», поддерживаемого китайским правительством, побуждает Европейский союз пересматривать свои правила конкуренции в рамках подготовки к одобрению крупных сделок по слиянию или более жесткому реагированию на иностранных конкурентов."
韓國瑜：中天報導這麼多中華民國國旗，怎麼可能賣台？,英國《金融時報》報導，旺中集團媒體的新聞受到中國國台辦指令，高雄市長韓國瑜今（19）日被中天記者詢問對此看法時表示，「中天報導這麼多中華民國國旗，怎麼可能賣台？或者被國台辦的指揮呢？我不太了解NCC的…,https://image.peoplenews.tw/news/2d487f39-e89b-4e2e-8f31-b9989c99aa5a.jpg,https://www.peoplenews.tw/news/2d487f39-e89b-4e2e-8f31-b9989c99aa5a,民報,20190720,"Хань Гоюй: Чжунтянь сообщил о таком количестве национальных флагов Китайской Республики, как можно было продать Тайвань?","Британская ""Financial Times"" сообщила, что новости СМИ Wangzhong Group были заказаны Управлением по делам Тайваня Государственного совета Китая. Репортер Zhongtian сегодня (19-го) спросил мэра Гаосюна Хань Гоюя об этом, и он сказал: ""Zhongtian сообщает, что много флагов Китайской Республики.Как можно было продавать Тайвань?Или управляться Управлением по делам Тайваня Госсовета?Я мало знаю о NCC..."
糗大！疑似忘切帳號  沈智慧自誇「立院清流」網友虧慘,臉書忘記切換帳號留言被抓包出糗，昨天再添一樁！有網友發現，國民黨台中市新科立委沈智慧，疑似在臉書「老王賣瓜」，自誇是「立法院一股清流」，但忘了「轉換身分」。雖然她發現搞了烏龍後，已將留言刪除，但仍被眼尖的網友秒截圖為證，除迅速洗版外，並在PTT掀起熱議和嘲諷，好不尷尬！沈智慧在自己臉書下方留言表示，,https://newtalk.tw/resize_action2/s.newtalk.tw/album/news/217/5c81ba1172a8d.jpg?imgmax=800,https://newtalk.tw/news/view/2019-03-08/216863,NewTalk.tw,20190309,"Большое смущение! Подозреваемый в том, что он забыл удалить аккаунт, Шэнь Чжихуэй хвастался, что пользователи сети «Лиюань Цинлю» ужасно пострадали.","Facebook забыл сменить аккаунт и оставил сообщение, и был пойман от смущения Вчера добавилось еще одно! Некоторые пользователи сети обнаружили, что Шэнь Чжихуэй, депутат новой ветви города Тайчжун гоминьдана, подозревается в «продаже дынь Лао Ваном» на Facebook, хвастаясь тем, что он «чистый поток в Законодательном юане», но забыл « изменить свою личность». Несмотря на то, что она удалила свое сообщение после того, как узнала, что сделала что-то не так, зоркие пользователи сети все равно сделали скриншоты, которые помимо быстрой очистки версии вызвали бурные обсуждения и насмешки на PTT, так неловко! Шэнь Чжихуэй оставила сообщение под своим Facebook, сказав:"
見證台灣400年歷史：這裏曾經是荷蘭人的熱蘭遮城,臺灣城殘蹟 現今為一級古蹟 當年外城的南側城壁台灣城南面城牆 壁史陳述歷史的興衰,https://www.cmmedia.com.tw/file/24832/1555033057_100102_cropped_99_1555032701_100102_main_448A5498-1.jpg,https://www.cmmedia.com.tw/home/articles/15095,信傳媒,20190415,Станьте свидетелем 400-летней истории Тайваня: когда-то это был голландский город Зеландия.,Остатки Тайваньского города теперь являются первоклассным историческим местом.Южная стена внешнего города была южной стеной Тайваньского города.История стены описывает взлеты и падения истории.
美国之音中文网 您可靠的信息来源,"美国之音是您的可靠和准确的有关中国、美国和国际新闻的来源。欢迎浏览美国之音中文网阅读最新的报道，收听收看美国之音电视广播节目或练习您的英语。
Voice of America Chinese is your source for reliable and accurate news about China, the United States and the World. Read the latest news, watch VOA TV, listen to one of our radio programs or practice your English.",https://www.voachinese.com/Content/responsive/VOA/img/top_logo_news.png,https://www.voachinese.com/,VOA,20190124,Голос Америки Китайский сайт Ваш надежный источник информации,"«Голос Америки» — ваш надежный и точный источник китайских, американских и международных новостей. Добро пожаловать на китайский веб-сайт VOA, чтобы читать последние отчеты, слушать передачи VOA TV или практиковать свой английский.
Голос Америки на китайском – ваш источник достоверных и точных новостей о Китае, Соединенных Штатах и ​​мире. Читайте последние новости, смотрите VOA TV, слушайте одну из наших радиопрограмм или практикуйте свой английский."
單桿破百1000次！英格蘭司諾克「火箭人」奧蘇利文創造難以超越的歷史紀錄,在全世界最受歡迎的撞球運動「司諾克」之中，一位選手「單桿破百」的次數是衡量其技術水平的最重要指標之一。英格蘭司諾克大師「火箭人」奧蘇利文10日就此創下前無古人、日後也難有來者的紀錄：完成職業生涯第1000次「單桿破百」，而且他今年才43歲！司諾克（snooker）職業撞球員錦標賽, https://image.cache.storm.mg/styles/smg-800x533-fp/s3/media/image/2019/03/14/20190314-071850_U720_M505769_e77e.jpg?itok=BJhG9cy9,https://www.storm.mg/article/1058536,風傳媒,20190315,"Сломайте 1000 раз одним ударом! Англия Снукер ""Рокетмен"" О'Салливан устанавливает непревзойденный исторический рекорд","В самой популярной в мире игре в бильярд «снукер» количество раз, когда игрок «выбивает 100 за один удар», является одним из наиболее важных показателей для измерения его технического уровня. Мастер снукера Англии ""Rocket Man"" О'Салливан установил беспрецедентный рекорд 10-го числа, и в будущем ему будет трудно кому-либо прийти: он совершил 1000-й ""сингл-брейк"" в своей карьере, а ему всего 43 года. старый в этом году! Чемпионат профессиональных игроков в снукер"
紀念6．3血腥鎮壓40天 蘇丹再現示威潮,目擊者指出，蘇丹各地 13 日有數以萬計的示威者走上街頭，以紀念數十名抗議群眾 40 天前，在首都喀土木（Khartoum）遭到安全部隊殺害。,https://cdn.taronews.tw/files/2019/06/1067x600_216263774438.jpg,https://taronews.tw/2019/07/14/401731/,芋傳媒,20190715,В ознаменование 40 дней кровавых репрессий 3 июня в Судане вновь вспыхивают протесты,"Свидетели сообщили, что в среду десятки тысяч демонстрантов вышли на улицы Судана в память об убийстве десятков протестующих силами безопасности в столице Хартуме 40 дней назад."
列车进站时 男子打后空翻,法国一个年轻人日前在法国的火车站月台进行惊险挑战，他在列车进站时，千钧一发的瞬间打后空翻。网民怒轰他罔顾他人安危。这个24岁的男生Rapha?l Bourgeat-lami在社交网站Instagram上载在不同的地方打空翻表演的影片，包括在高楼大厦的边沿、滑板场、大树旁等等高危地方进行动作，而近日他在法国巴黎的一个车站月台的“表演”，引起一些人怒轰。,https://www.zaobao.com.sg/sites/default/files/styles/og_share_medium/public/images/201901/20190129/file73ub8he9p9137sh48h2.jpg?itok=fPntGNx8&c=79d357050ab5f484f99d5bd27651dd1a,https://www.zaobao.com.sg/znews/others/story20190129-928069?utm_medium=Social&utm_source=Facebook#Echobox=1548744967,Zaobao,20190130,"Мужчина делает сальто назад, когда поезд подъезжает к станции","Молодой человек во Франции недавно выполнил захватывающее испытание на платформе французского железнодорожного вокзала: когда поезд въехал на станцию, в критический момент он сделал сальто назад. Пользователи сети раскритиковали его за игнорирование безопасности других. 24-летний мальчик Рафаэль Бурже-лами загрузил видео сальто в разных местах в социальной сети Instagram, в том числе выполняя действия в местах повышенного риска, таких как край высотных зданий, площадки для катания на скейтборде и т. д. «Выступление» на платформе вокзала в Париже, Франция, вызвало гнев некоторых людей."
波蘭逮涉間諜罪員工 華為：進行調查不便評論,針對波蘭媒體指稱，一名華為中國籍員工因涉間諜活動遭逮捕，華為公司今（11）日回應表示，目前正對此進行調查，不便評論，並強調，一直要求所有員工遵守所在國法律法規。中國電訊設備巨頭華為近年風波不斷，國際社會質疑協助中國政府進行企業間諜活動，因此受到美、日和英等多國封殺，阻撓參與5G網絡建設，面臨外界越來,https://newtalk.tw/resize_action2/s.newtalk.tw/album/news/194/5c38b3e76f0e4.jpg?imgmax=800,https://newtalk.tw/news/view/2019-01-11/193425,NewTalk.tw,20190112,"Польша арестовывает сотрудников, причастных к шпионажу, Huawei: расследование неудобно комментировать","В ответ на утверждения польских СМИ о том, что китайский сотрудник Huawei был арестован за шпионаж, Huawei ответила сегодня (11-го числа), что в настоящее время расследует это и не может комментировать. В последние годы у китайского гиганта телекоммуникационного оборудования Huawei возникли проблемы, и международное сообщество поставило под сомнение его помощь китайскому правительству в корпоративном шпионаже."
郭董的鬼使神差,鴻海董事長郭台銘參加國民黨總統的初選。以郭董的民望，已經是牽動三尺浪，然而他不以此為滿足，為了讓事情更加完美，他製造的出場式，可謂前無古人，擺出一副「天子」的架勢，至少也是帶著天命的御旨，下凡行事。不…,https://image.peoplenews.tw/news/e925a5f0-4fa5-4a26-8a90-79849c604e56.png,https://www.peoplenews.tw/news/e925a5f0-4fa5-4a26-8a90-79849c604e56,民報,20190419,Непонимание Дун Го,"Председатель Хон Хай Терри Гоу участвовал в первичных президентских выборах Гоминьдана. Популярность Го Дуна уже затронула волны в три фута, но он не удовлетворен этим. Чтобы сделать вещи более совершенными, он создал беспрецедентный вид. Следуя императорскому указу судьбы, он приступил к действию. Нет…"
臺灣是地區不是國家? 林濁水批楊惠欽回答沒擔當,民進黨前立委林濁水今(1)日稍早於社群媒體臉書發文，直指大法官被提名人楊惠欽日前被問到「臺灣是不是一個國家？」時，回答得相當沒骨氣、沒擔當，「當偽大法官也真是適格得很」。大法官被提名人楊惠欽日前接受無黨籍立委陳玉珍詢問，被問及「臺灣是否為國家？」時表示，「我們是中華民國，臺灣這兩個字應該沒有出現在《,https://newtalk.tw/resize_action2/s.newtalk.tw/album/news/88/5bfba8b181582.jpg?imgmax=800,https://newtalk.tw/news/view/2019-07-01/266962,NewTalk.tw,20190702,"Тайвань — это регион, а не страна? Линь Чжошуй критикует Ян Хуэйцинь за то, что он не взял на себя ответственность","Линь Чжуошуй, бывший депутат от Демократической прогрессивной партии, сегодня опубликовал пост в социальной сети Facebook (1), отметив, что когда кандидата Ян Хуэйциня спросили: «Является ли Тайвань страной?», его ответ был довольно бесхребетным: «Нет». ответственности: «Это действительно право быть псевдосудьей». Кандидат в судьи Ян Хуэйцинь несколько дней назад был допрошен беспартийным депутатом Чэнь Юйчжэнем. Когда его спросили: «Является ли Тайвань страной?», он ответил: «Мы — Китайская Республика."
梅克爾：華為參與德國5G條件 須確保安全無虞,德國總理梅克爾今天表示，德國有必要確保中國電訊設備供應商華為技術公司不會將資料交給中國政府，才能允許華為參與德國第 5 代行動通訊技術（ 5 G）的架設工作。,https://cdn.taronews.tw/files/2019/01/20181227PHO0100l.jpg,https://taronews.tw/2019/02/05/246708/,芋傳媒,20190206,Меркель: участие Huawei в условиях 5G в Германии должно обеспечить безопасность,"Канцлер Германии Ангела Меркель заявила сегодня, что Германии необходимо обеспечить, чтобы китайский поставщик телекоммуникационного оборудования Huawei Technologies не передал информацию китайскому правительству, прежде чем разрешить Huawei участвовать в создании немецкой технологии мобильной связи пятого поколения (5G)."
美国会众议院未能推翻特朗普的否决令,美国国会众议院26日就总统特朗普否决国会两院叫停美墨边境“国家紧急状态”决议举行投票，但未能获得足够票数推翻这个否决令。新华社报道，当天有14名共和党国会众议员加入民主党阵营，投票支持推翻特朗普的否决令。最终投票结果是248票赞成、181票反对，未能达到推翻否决令所需的至少290张赞成票。,https://www.zaobao.com.sg/sites/default/files/styles/og_share_medium/public/images/201903/20190327/cheowml201903270701201.jpg?itok=X36seMX-,https://www.zaobao.com.sg/realtime/world/story20190327-943512?utm_medium=social&utm_source=facebook#echobox=1553642298,Zaobao,20190327,Палата представителей США не может преодолеть вето Трампа,"26-го числа Палата представителей США провела голосование по вето президента Трампа на резолюцию обеих палат Конгресса о приостановке «чрезвычайного положения в стране» на границе США и Мексики, но не набрала достаточно голосов, чтобы отменить вето. Агентство Синьхуа сообщило, что 14 республиканских членов Конгресса присоединились в тот день к лагерю демократов и проголосовали за отмену вето Трампа. В итоге было подано 248 голосов против 181, что меньше минимума в 290 голосов, необходимых для отмены вето."
希臘風建築吸睛 漁港旁活動中心成景點,台南市將軍區鯤鯓、鯤溟里聯合活動中心位於青山漁港旁，以藍白色調為主的希臘風格建築特色，成為遊客必訪景點。近來地方以古地名「青鯤鯓」行銷特產，希望爭取活動中心改名。,https://cdn.taronews.tw/files/2018/06/piraeus-1712115_1280.jpg,https://taronews.tw/2019/02/24/263234/,芋傳媒,20190225,"Архитектура в греческом стиле привлекает внимание, а центр развлечений рядом с рыбацким портом стал живописным местом.",Совместный центр деятельности Кунша и Куньминли в районе Цзянцзюнь города Тайнань расположен рядом с рыбным портом Циншань.Сине-белые тона архитектурных элементов в греческом стиле делают его обязательным для посещения туристами. В последнее время местный рынок использует древнее название «Цинкуньси» для продажи специальных продуктов и надеется изменить название центра деятельности.
觀賞麥寮興華國小動畫片 蔡總統：放臉書分享,雲縣麥寮興華國小僅有學生 45 人，由公視團隊輔導製作「糖果工廠的秘密」反思家鄉環境的動畫片，獲得國內外大獎，總統蔡英文今天訪視觀賞後說，要放臉書擴大分享。,https://cdn.taronews.tw/files/2019/02/20190219PHO0143l.jpg,https://taronews.tw/2019/02/19/259210/,芋傳媒,20190220,Посмотрите анимацию президента начальной школы Майляо Синхуа Цая: поделитесь ею на Facebook,"В начальной школе Майляо Синхуа в уезде Юньсянь учится всего 45 учеников. Команда PTV руководила производством «Секретов кондитерской фабрики», чтобы отразить окружающую среду родного города. Мультфильм получил отечественные и зарубежные награды. Книга расширяется, чтобы поделиться ."
东京福祉大下落不明留学生达1610人 文科省令其停招新生：朝日新聞中文网,围绕东京福祉大学多名留学生下落不明的问题，文部科学省和出入国在留管理厅(入管厅)于11日宣布，自2016年度至2018年度(2016年4月至2019年3月)，共有1610人下落不明。,https://public.potaufeu.asahi.com/24f5-p/picture/16635628/ef3c85ec53aaccd55b010cf9343470fb_640px.jpg,https://asahichinese-j.com/society/12449477,Asahi,20190612,"1610 иностранных студентов пропали без вести в Токийском социальном университете, Министерство искусств, науки и технологий приказало ему прекратить набор новых студентов: китайский веб-сайт Asahi Shimbun","Что касается пропажи многих иностранных студентов Токийского университета социального обеспечения, Министерство образования, культуры, спорта, науки и технологий и Управление иммиграции и проживания (Департамент иммиграции) объявили 11-го числа, что с 2016 по 2018 год (с апреля 2016 года по март 2019), всего 1610 человек Местонахождение неизвестно."
「郭柯王」合作仍有望 王金平：盡量在融合,「郭柯王」合作局勢尚未明朗，對於國民黨總統候選人韓國瑜日前對於郭柯王「不知道是在折磨我、還是在互相折磨」的調侃。立法院長王金平今（19日）回應， 是互相勉勵、互相祝福，沒有折磨，「大家盡量在融合彼此間的理念。」「桃園三結義」昨破局後，又傳出一套「郭王」將合力拱台北市長柯文哲參選總統的劇本，但前王金平,https://newtalk.tw/resize_action2/s.newtalk.tw/album/news/288/5d5a5ba4ed88a.jpg?imgmax=800,https://newtalk.tw/news/view/2019-08-19/287851,NewTalk.tw,20190820,Сотрудничество «Го Кеван» все еще обнадеживает Ван Цзиньпин: попытайтесь интегрироваться,"Ситуация с сотрудничеством «Короля Го Кэ» еще не ясна.Относительно насмешек кандидата в президенты Гоминьдана Хань Гоюя над Го Кеваном «Я не знаю, мучает ли он меня или мучает друг друга» несколько дней назад. Председатель Законодательного собрания Ван Цзиньпин ответил сегодня (19-е число), что он поощряет и благословляет друг друга без пыток: «Все пытаются интегрировать идеи друг друга». Распространение Хели поддержало сценарий мэра Тайбэя Кэ Вэньчжэ, баллотирующегося на пост президента, но бывший Ван Цзиньпин"
美国会议员呼吁停止向香港出售人群控制设施,美国国会众议员、民主党的克里斯·史密斯和共和党的詹姆斯·麦考文发表联名信，呼吁美国停止向香港警方出售人群控制设施。  这两名议员的联名信是写给美国国务卿蓬佩奥和商业部部长罗斯。  公开信强调，这是对香港警方,/english/images/rfa-logo-400.jpg,https://www.rfa.org/mandarin/Xinwen/5-08032019113812.html,RFA,20190804,Законодатели США призывают прекратить продажу Гонконгу оборудования для борьбы с массовыми беспорядками,"Представители США Крис Смит, демократ, и Джеймс МакКован, республиканец, опубликовали совместное письмо, призывающее США прекратить продажу оборудования для борьбы с массовыми беспорядками полиции Гонконга. Совместное письмо двух законодателей было адресовано госсекретарю Майку Помпео и министру торговли Уилбуру Россу. В открытом письме подчеркивается, что это медвежья услуга полиции Гонконга."
長榮航罷工 23日影響逾2萬4000名旅客,長榮空服員罷工持續，長榮航空統計，今天取消 112 班、影響 2 萬 3000 多名旅客，明天取消 113 班、影響超過 2 萬 4000 多名旅客。,https://cdn.taronews.tw/files/2019/06/20190620PHO0158l.jpg,https://taronews.tw/2019/06/22/379445/,芋傳媒,20190623,23-го числа от авиаудара EVA пострадали более 24 000 пассажиров,"Забастовка бортпроводников EVA продолжается: по статистике EVA Air, сегодня было отменено 112 рейсов, затронувших более 23 000 пассажиров, а завтра было отменено 113 рейсов, затронувших более 24 000 пассажиров."
睽違11年再披中華隊戰袍？陳偉殷這樣說.....,2019第二屆全國大專校院系際盃棒球爭霸賽今（14）日於體育聯合辦公大樓3樓大禮堂舉辦開賽記者會，宣布該賽會報名數量破紀錄，由去年121隊增加到158隊參賽，不乏國內著名大學系所組隊參加，代表棒球在大學受歡迎的程度。旅美球星陳偉殷蒞臨記者會活動現場，為這些熱愛棒球的大學生們加油打氣，期許臺灣各層級的,https://newtalk.tw/resize_action2/s.newtalk.tw/album/news/195/5c3c61e39464c.jpg?imgmax=800,https://newtalk.tw/news/view/2019-01-14/194351,NewTalk.tw,20190115,Спустя 11 лет снова надеть футболку сборной Китая? Чен Вэйинь так сказал...,"Сегодня (14-е место) в актовом зале на 3-м этаже Спортивного офисного здания состоялась пресс-конференция Второго межведомственного кубка колледжей 2019 года по бейсболу, на которой было объявлено, что количество регистраций на турнир побило рекорды, увеличившись со 121 команды в прошлом году до Участвовало 158 команд, многие известные факультеты отечественных университетов сформировали команды для участия, представляя популярность бейсбола в университетах. Чен Вэйинь, звезда американского футбола, пришел на пресс-конференцию, чтобы поболеть за студентов колледжа, которые любят бейсбол."
美中继续贸易谈判 仍有多项分歧,美国和中国的贸易谈判将在华盛顿继续进行。双方希望在3月1日最后期限之前，达成协议，以避免贸易战升级。  海外中文网站大纪元总结出此前双方谈判的情况，为五大进展和四大分歧。五个已经取得较大进展的项目分别是：�,/english/images/rfa-logo-400.jpg,https://www.rfa.org/mandarin/Xinwen/6-02242019125057.html,RFA,20190225,"Торговые переговоры США и Китая продолжаются, разногласия сохраняются","Торговые переговоры между США и Китаем продолжатся в Вашингтоне. Обе стороны надеются достичь соглашения до крайнего срока 1 марта, чтобы избежать эскалации торговой войны. The Epoch Times, зарубежный веб-сайт на китайском языке, резюмировал предыдущие переговоры между двумя сторонами как пять основных событий и четыре основных различия. Пять проектов, которые добились значительного прогресса:"
足球》內馬爾性侵案罪證不足 巴西警方終止調查,聖保羅檢察總長辦公室今天表示，偵辦足球超級巨星內馬爾（Neymar）性侵疑雲的巴西警察，因罪證不足結束調查。檢察總長辦公室發言人告訴法新社，警方的決定明天將送交檢察官，檢方將有15天能評估此案。接著將由法官作出最終裁決。內馬爾的發言人表示，他無法對警方的決定做出評論。聖保羅警方明, https://image.cache.storm.mg/styles/smg-800x533-fp/s3/media/image/2019/07/30/20190730-015748_U11645_M539785_7a63.jpg?itok=pRBmd9Vk,https://www.storm.mg/article/1537848,風傳媒,20190731,"Недостаточно доказательств по делу о сексуальном насилии в футболе Неймара, бразильская полиция прекращает расследование","Бразильская полиция, расследующая обвинения в сексуальных домогательствах со стороны футбольной суперзвезды Неймара, закрыла расследование из-за недостаточности улик, сообщила в понедельник Генеральная прокуратура Сан-Паулу. Решение полиции будет отправлено в прокуратуру завтра, у которой будет 15 дней для оценки дела, сообщил AFP представитель генеральной прокуратуры. Затем окончательное решение принимает судья. Пресс-секретарь Неймара заявил, что не может комментировать решение полиции. Полиция Сан-Паулу"
中国经济是否景气？看你的年终奖就知道了,2018年，中国经济经历了贸易战、增速放缓、股市低迷，这些经济事件在年终奖上多多少少都能看到影响。,https://ichef.bbci.co.uk/news/1024/branded_zhongwen/2DEC/production/_105465711_gettyimages-1096491198.jpg,https://www.bbc.com/zhongwen/simp/chinese-news-47111547,BBC,20190204,Экономика Китая процветает? Просто посмотрите на свой бонус в конце года,"В 2018 году китайская экономика пережила торговые войны, замедление роста и спад на фондовом рынке — эти экономические события более или менее можно увидеть в наградах по итогам года."
【下午茶星闻】喝下午茶透露心声 黄振隆常被粉丝“骂”,与粉丝共进下午茶，黄振隆被女粉丝“骂”，他笑说：家常便饭！《联合晚报》的《下午茶星闻》单元安排了女粉丝胡雅兰与本地艺人黄振隆在位于大华银行大厦一座内的四川豆花饭庄共进下午茶。胡雅兰充当“一日记者”向偶像发问，黄振隆有问必答，间中还频频“耍冷”，让原本紧张的粉丝顿时放松，最后还搞笑“骂”了偶像。,https://www.zaobao.com.sg/sites/default/files/styles/og_share_medium_play/public/images/201904/20190404/20190404_showbiz-long-01.jpg?itok=mkknL5nV,https://www.zaobao.com.sg/zentertainment/celebs/story20190404-945875?utm_medium=social&utm_source=facebook#echobox=1554363961,Zaobao,20190405,"[Новости звезды послеобеденного чая] Поклонники часто ругают Хуан Чжэньлуна, когда он пьет послеобеденный чай и раскрывает свое сердце","Послеобеденный чай с фанатами, Хуан Чжэньлун был отруган поклонницами, он рассмеялся и сказал: «Это обычное дело! Раздел «Новости звезды послеобеденного чая» в «Вечерних новостях Ляньхэ» организовал для поклонницы Ху Ялан и местного художника Хуан Чжэньлуна совместный послеобеденный чай в ресторане Sichuan Douhua, расположенном в здании United Overseas Bank Building. Ху Ялань выступал в роли «однодневного репортера», задавая вопросы айдолу, Хуан Чжэньлун отвечал на каждый вопрос, иногда «притворяясь холодным», что заставляло изначально нервничающих фанатов расслабиться, и, наконец, забавным образом «проклял» айдола."
医生没告知病人打针并发症被重罚 卫生部要求医理会提出复审,专科医生没通知病人打针后可能出现的并发症而被重罚一案出现转折，之前表明无意翻案重审的卫生部已要求新加坡医药理事会向法庭申请复审。卫生部昨天发文告说，虽然被罚款的私人骨外科专科医生林联安和医理会都已接受裁决，但由于裁决对整个医疗界有广泛影响，也会影响日后的个案裁决，卫生部认为应重新检视之前的裁决，“裁决应与每起个案的情况相称”。,https://www.zaobao.com.sg/sites/default/files/styles/og_share_medium/public/images/201902/20190221/20190221_news_injection.jpg?itok=BFl_ec3E&c=b935a03810866f4e43c82bca9652a53c,https://www.zaobao.com.sg/znews/singapore/story20190221-933611?utm_medium=Social&utm_source=Facebook#Echobox=1550709303,Zaobao,20190221,"Врач был серьезно оштрафован за то, что не сообщил пациенту об осложнениях инъекции.Минздрав попросил Медицинский совет представить отзыв","Наступил переломный момент в деле врача-специалиста, который был оштрафован на крупный штраф за то, что не проинформировал пациентов о возможных осложнениях после инъекции.Министерство здравоохранения, которое ранее заявляло, что не намерено отменять дело, попросило Сингапур Медицинский совет обратиться в суд для пересмотра. Министерство здравоохранения вчера опубликовало заявление о том, что, хотя оштрафованный частный хирург-ортопед Линь Ляньань и Медицинский совет приняли приговор, поскольку приговор имеет широкое влияние на всю медицинскую профессию, а также повлияет на будущие решения по отдельным делам, Минздрав считает, что следует пересмотреть предыдущее постановление, «присуждение должно быть соразмерно обстоятельствам каждого отдельного случая»."
現代人缺乏運動、營養過剩...中醫師：這樣「補」才能補對身體,冬至過後，日照向北迴轉，白天愈長，黑夜愈短，氣溫也隨之從寒冷漸漸回溫，因此冬至在,https://www.cmmedia.com.tw/file/23571/1550483935_294_cropped_63_1550483912_294_main_shun@photoAC.jpg,https://www.cmmedia.com.tw/home/articles/14290,信傳媒,20190225,Современным людям не хватает физических упражнений и переедания... Практики китайской медицины: Только так можно «пополнить» организм,"После зимнего солнцестояния солнце поворачивает на север, дни становятся длиннее, а ночи короче, а температура постепенно прогревается от холода."
《逃犯条例》引冲突，香港立法会上演“全武行”,这项法案允许犯罪嫌疑人被引渡到中国大陆，受到亲民主人士、律师协会等的批评。反对派议员试图在立法会阻止该法案，与亲北京派发声肢体冲突，有一人被担架抬出会议厅。,https://static01.nyt.com/images/2019/05/12/world/12hongokong/merlin_154686189_2104094f-de0f-4e7e-8873-73aef2afa3f6-articleLarge.jpg,https://cn.nytimes.com/china/20190513/hong-kong-extradition-law/,NYTimes,20190513,"«Постановление о беглых преступниках» вызвало конфликты, и Законодательный совет Гонконга устроил «полную силу».","Законопроект, разрешающий экстрадицию подозреваемых в совершении преступлений на материковый Китай, подвергся критике со стороны демократических активистов, ассоциации адвокатов и других. Депутаты от оппозиции пытались заблокировать законопроект в Законодательном совете, произошли физические столкновения с пропекинскими фракциями, одного человека вынесли из зала на носилках."
川普女婿將訪中東 敲定巴勒斯坦經建細節,美國政府官員今天表示，白宮高級顧問庫許納（Jared Kushner）將率領美國代表團前往中東，敲定他 6 月在巴林提出的中東經濟發展計畫細節。,https://cdn.taronews.tw/files/2018/04/usa-3335768_1280.jpg,https://taronews.tw/2019/07/22/410022/,芋傳媒,20190723,"Зять Трампа посетит Ближний Восток, чтобы уточнить детали экономического развития Палестины","Старший советник Белого дома Джаред Кушнер возглавит делегацию США на Ближнем Востоке, чтобы доработать детали плана экономического развития региона, который он представил в Бахрейне в июне, сообщил в понедельник представитель администрации США."
《路透晚报》--4月23日,以下为路透中文新闻为您整理的亚洲市场时段(上午7:00-下午5:00)新闻摘要：,https://s4.reutersmedia.net/resources/r/?m=02&d=20190423&t=2&i=1379784649&w=1200&r=LYNXNPEF3M0KS,https://cn.reuters.com/article/evening-post-0423-idCNKCS1RZ0SP?feedType=RSS&feedName=CNAnalysesNews,Reuters,20190424,Вечер Reuters - 23 апреля,"Ниже приводится сводка новостей в часы работы азиатского рынка (с 7:00 до 17:00), составленная для вас агентством Reuters China News:"
黎明幼兒園園長林金連 赴總統府陳情失控自殘,黎明幼兒園因土地重劃面臨強拆，林金連多次陳情未果.臺中黎明幼兒園園長林金連今（31）早赴總統府陳情有關臺中市土地重劃爭議，不料11時許突然情緒失控自殘受傷，據悉目前已送往臺大醫院救治。,https://tnimage.taiwannews.com.tw/photos/shares/5c52ad049450b.jpg,https://www.taiwannews.com.tw/ch/news/3629405,TWNews,20190131,"Директор детского сада Liming Линь Цзиньлянь идет в президентский дворец, чтобы обжаловать выход из-под контроля и самоубийства","Детский сад Liming находится под угрозой принудительного сноса из-за изменения зонирования земли, и Линь Цзиньлянь подавал неоднократные апелляции безрезультатно.Линь Цзиньлянь (31 год), директор детского сада Liming в Тайчжуне, сегодня рано утром отправился в Президентский дворец, чтобы подать жалобу на изменение зонирования земли. спор в городе Тайчжун.Неожиданно, в 11 часов, он внезапно потерял контроль над своими эмоциями и поранился.Сообщается, что он умер.Его отправили в больницу Национального Тайваньского университета для лечения."
南投山林火警 直升機灑水4公噸仍未完全熄滅,南投縣信義鄉今天發生山林火警，南投縣政府消防局請求內政部空中勤務總隊派直升機吊掛水袋支援滅火， 2 個航次共投放 4 公噸水，但火勢仍未完全熄滅。,https://cdn.taronews.tw/files/2018/07/forest-fire-2268729_960_720.jpg,https://taronews.tw/2019/02/07/248189/,芋傳媒,20190208,"Лесной пожар в горах Наньтоу, вертолет вылил 4 тонны воды, до сих пор не потушен полностью","Сегодня в поселке Синьи уезда Наньтоу вспыхнул лесной пожар.Пожарная служба правительства округа Наньтоу обратилась в Корпус воздушной службы Министерства внутренних дел с просьбой направить вертолет, чтобы подвесить мешки с водой для поддержки огня.В общей сложности 4 тонны Во время двух рейсов была сброшена вода, но огонь не был полностью потушен."
香港反送中活動持續 示威與接機同時進行,根據香港 01 和香港電台等媒體的報導，香港反送中活動今天（11 日）持續，機場接機和市區集會示威同步進行。,https://cdn.taronews.tw/files/2019/08/20190809000133M.jpg,https://taronews.tw/2019/08/11/430627/,芋傳媒,20190812,"Действия против экстрадиции в Гонконге продолжаются, демонстрации и встречи в аэропорту проводятся одновременно","Согласно сообщениям средств массовой информации, таких как Hong Kong 01 и Radio Television Hong Kong, действия против экстрадиции в Гонконге продолжались сегодня (11-е число), при этом одновременно проходили встречи в аэропорту и городские демонстрации."
當選總統不宣布台獨 賴清德：遵守台灣前途決議文,前行政院長賴清德今（4）日中午在高雄香蕉碼頭和地方人士座談，強調民進黨只有賴清德可以打敗韓國瑜，面對媒體提問若當選總統不會宣布台獨，賴清德表示，民進黨1999年黨代表大會通過「台灣前途決議文」，強調台…,https://image.peoplenews.tw/news/ad091fd0-24ff-4fdc-87d8-950ff0c1b794.jpg,https://www.peoplenews.tw/news/ad091fd0-24ff-4fdc-87d8-950ff0c1b794,民報,20190605,Избранный президент не провозгласит независимость Тайваня Лай Цзин-дэ: Выполняйте резолюцию о будущем Тайваня,"Бывший премьер-министр Лай Цзин-дэ провел дискуссию с местными жителями на банановом пирсе Гаосюна сегодня в полдень (4-го числа), подчеркнув, что только Лай Цзин-дэ из Демократической прогрессивной партии может победить Хань Гоюя. Съезд партии принял «Резолюцию о Тайване». Будущее», подчеркнув, что Тайвань..."
凯秀路组屋除夕夜失火 百名居民紧急疏散,凯秀路组屋除夕夜发生火患，百名居民紧急疏散，三人受伤送院治疗。这起事件发生在今晚（2月4日）8时45分，地点是凯秀路（Cashew Road）第132座组屋六楼的一间单位。 凯秀路第132座组屋的一个单位在除夕夜失火，百名居民被紧急疏散。（读者提供） 根据读者提供的照片和视频，可见六楼的一间单位的窗口冒出滚滚浓烟，百名居民快速从楼梯口疏散到楼下。,https://www.zaobao.com.sg/sites/default/files/styles/og_share_medium_play/public/images/201902/20190204/20190204_news_hdbevacuation.png?itok=XYJSM_hO&c=31f2cde6268eb7f21ef2fe63b9622442,https://www.zaobao.com.sg/realtime/singapore/story20190204-929611?utm_medium=Social&utm_source=Facebook#Echobox=1549292783,Zaobao,20190205,Сотни жителей были эвакуированы после пожара в квартире на улице Кайсю в канун Нового года.,"В канун Нового года в квартире на Кайсю-роуд произошел пожар, сотни жителей были срочно эвакуированы, трое получили ранения и отправлены на лечение в больницу. Инцидент произошел сегодня в 20:45 (4 февраля) в квартире на шестом этаже блока 132 на Кешью-роуд. В канун Нового года загорелся блок в блоке 132 на Кешью-роуд, сотни жителей были эвакуированы. (Предоставлено читателями) Согласно фотографиям и видео, предоставленным читателями, густой дым валил из окон квартиры на шестом этаже, и сотни жителей быстро эвакуировались с лестницы на нижний этаж."
蔡衍明要求說什麼 柯文哲：無色覺醒十大主張,台北市長柯文哲自爆沒照旺中集團董事長蔡衍明的話發言，媒體追問蔡衍明到底要他講什麼，柯文哲今天更新說法：「無色覺醒十大主張，差不多都是那些東西。」,https://cdn.taronews.tw/files/2019/08/20190807PHO0009l.jpg,https://taronews.tw/2019/08/17/436932/,芋傳媒,20190818,"Цай Яньмин спросил, что сказать Кэ Вэньчжэ: десять предложений бесцветного пробуждения","Мэр Тайбэя Кэ Вэньчжэ сообщил, что он говорил не в соответствии со словами Цая Яньмина, председателя Wangzhong Group. СМИ спросили Цая Яньмина, что он хотел, чтобы он сказал. Сегодня Кэ Вэньчжэ обновил свое заявление: «Десять предложений бесцветного пробуждения почти все эти вещи»."
韓國瑜驚爆高市府有「打韓小組」  控退休高官遙控文化局,高雄市議員邱于軒今(24)日赴議會市政總質詢，接連拿出高雄流行音樂中心的臉書擷圖及其他資料，指控高雄市文化局黑幕重重。對此，高雄市長韓國瑜竟語出驚人的表示，有位退休的高雄市府高官正遙控文化局，成立「打韓小組」，甚至每個星期在高雄旗山開會，目的就是要打趴市府新團隊。邱于軒指出，高雄流行音樂中心小編利用,https://newtalk.tw/resize_action2/s.newtalk.tw/album/news/251/5ce79870a143a.png?imgmax=800,https://newtalk.tw/news/view/2019-05-24/250951,NewTalk.tw,20190525,"Хан Го-ю шокирован тем, что у правительства Гаоши есть «группа борьбы с Кореей», чтобы обвинить отставных высокопоставленных чиновников в контроле над культурным бюро.","Член городского совета Гаосюна Цю Юйсюань сегодня (24-го числа) отправился в Генеральный муниципальный совет для допроса и последовательно предоставил скриншоты Facebook и другие материалы Центра поп-музыки Гаосюна, обвинив Бюро культуры города Гаосюн в теневой деятельности. В связи с этим мэр Гаосюна Хан Го-юй с удивлением заявил, что отставной высокопоставленный чиновник городского правительства Гаосюна дистанционно контролирует Бюро культуры и создает «Корейскую боевую группу», они даже каждую неделю проводят собрания. в Цишане, Гаосюн, с целью борьбы с новой командой правительства. Цю Юйсюань отметил, что редактор Гаосюнского центра поп-музыки использовал"
逾期9年蛋黃粉混製保健食品 封存逾4.5萬公斤,高市衛生局 5 月會同檢調查獲華肝基因公司涉嫌以逾期 9 年的蛋黃粉原料混製 28 種保健食品販售，封存原料 535 公斤及庫存品逾 4.5 萬公斤，陳姓負責人等訊後被限制出境出海。,https://cdn.taronews.tw/files/2019/06/20190614PHO0102l.jpg,https://taronews.tw/2019/06/14/371584/,芋傳媒,20190615,"Запечатано более 45 000 килограммов диетической смеси с порошком яичного желтка, просроченной в течение 9 лет.","В мае Бюро здравоохранения Гаоши провело совместное расследование и обнаружило, что компания Huagan Gene подозревается в использовании просроченного в течение 9 лет сырья из порошка яичного желтка для производства и продажи 28 видов здоровой пищи. более 45 000 кг инвентаря.Ответственное лицо по фамилии Чен и др. Позже ему запретили покидать страну и выходить в море."
《蕪菁專欄》一張張的郭董選舉支票，真的可行嗎？,近日郭董提出 0 － 6 歲幼童，將「全額由國家扶養」。話才剛說出口，就被同黨競爭對手朱立倫打臉：「一年高達 2500 億的資金，該從何處來？」,https://cdn.taronews.tw/files/2019/07/20190624PHO0063l.jpg,https://taronews.tw/2019/07/07/395286/,芋傳媒,20190708,Действительно ли осуществима предвыборная проверка Го Дуна в «Столбце репы»?,"Го Дун недавно предложил, чтобы дети в возрасте от 0 до 6 лет были «полностью поддержаны государством». Как только он произнес эти слова, его соперник Чжу Лилунь дал ему пощечину: «Откуда взять средства до 250 миллиардов в год?»"
向华强70大寿群星拱照,“龙五”向华强前晚（12月16日）庆祝70岁大寿，群星拱照，圈中多年好友包括曾志伟、李连杰、刘嘉玲、徐小凤、古天乐、郑秀文、张家辉、邱淑贞、关之琳、许冠文、刘青云及任达华等逾百群星出动，阵容比颁奖礼更为鼎盛。甚至连在红馆开演唱会的刘德华，也趁完场后赶到派对，给足面子。刘嘉玲（中）与刘青云（右）、郭蔼明（左）夫妇聊得很开心，但未见梁朝伟。（互联网）向华强是香港电影圈大亨，曾在电影《赌神》中饰演杀手“龙五”，令人印象深刻。向华强与太太陈岚及儿子向佐接受访问，当自己一直是“50岁”的寿星向华强说生日愿望：“希望健健康康多活20年。”,https://www.zaobao.com.sg/sites/default/files/styles/og_share_medium/public/images/201812/20181218/20181218_showbiz-xiang-01.jpg?itok=dwSxwk_U,https://www.zaobao.com.sg/zentertainment/celebs/story20181218-916826?utm_medium=Social&utm_source=Facebook#Echobox=1545120551,Zaobao,20181219,Звезды 70-летия со дня рождения Сян Хуацяна,"""Dragon Five"" Хын Ва Кеунг вчера вечером (16 декабря) отпраздновал свое 70-летие со звездным составом, многолетними друзьями в кругу являются Зенг Чживэй, Джет Ли, Карина Лау, Цуй Сиу Фунг, Луи Ку, Сэмми Ченг, Ченг. Ка Фай, Яу Шучжэнь, Розамунд Кван, Хуэй Гуанвэнь, Лю Цинъюнь и Саймон Ям В ожидании отправки более сотни звезд состав участников еще более успешен, чем церемония награждения. Даже Энди Лау, устроивший концерт в Красном зале, ринулся на вечеринку после концерта, чтобы сохранить лицо. Карина Лау (в центре) радостно болтала с Лю Цинъюнем (справа) и Го Аймином (слева), но не видела Тони Люна. (Интернет) Сян Хуацян — магнат гонконгской киноиндустрии, однажды он сыграл убийцу «Дракона Пятерку» в фильме «Бог игроков», что впечатляет. Сян Хуацян, его жена Чен Лань и сын Сян Цзо дали интервью, и он сказал Хуацяну свое пожелание на день рождения как «50-летнюю» звезду дня рождения: «Я надеюсь прожить 20 лет здоровым и здоровым»."
換完人工關節還是感到疼痛...怎麼辦？醫師：「冷凝試射頻治療」能緩解,張先生是一位87歲的退休教師，主訴雙側肩膀及脖子痠痛已3年多了，尤其轉頭時疼痛更,https://www.cmmedia.com.tw/file/21934/1545050540_294_main_akizou@photoAC(4).jpg,https://www.cmmedia.com.tw/home/articles/13360,信傳媒,20190205,Я все еще чувствую боль после замены искусственного сустава... Что мне делать? Врач: «Криотерапия радиочастотной терапией» может облегчить,"Г-н Чжан, 87-летний учитель на пенсии, более 3 лет жалуется на двустороннюю боль в плече и шее, особенно при повороте головы."
巫统党内“逼宫”阿末扎希台面化,巫统主席阿末扎希之前被控时，巫统内部就传出要他“休假待审”的声音，但他当时强力压制这些异议。巫统多名派系领袖当时也纷纷表态拥护阿末扎希。这种情况如今已经改变，派系领袖目前认为阿末扎希领导无方是造成退党潮的主要原因而要他立即下台。前巫青团长凯利今天在推特要求阿末扎希立刻辞职，並让巫统重选党主席。他指巫统必须立即召开紧急全国代表大会选出新领导层。凯利是今年巫统党选的党主席候选人之一，但最终不敌阿末扎希。,https://www.zaobao.com.sg/sites/default/files/styles/og_share_medium/public/images/201812/20181214/20181214_news_zahid.jpg?itok=MzSFS-Nf,https://www.zaobao.com.sg/realtime/world/story20181214-915878?utm_medium=Social&utm_source=Facebook#Echobox=1544794866,Zaobao,20181215,"Ахмад Захид, «вынужденный дворец» в партии «Умно», был доставлен к столу","Когда председателю Umno Ахмаду Захиду ранее были предъявлены обвинения, внутри Umno раздавались голоса, просившие его «выйти на суд», но в то время он решительно подавлял эти несогласия. В то время многие лидеры фракции Умно также выразили свою поддержку Ахмаду Захиду. Теперь эта ситуация изменилась: теперь лидеры фракций считают, что недостаток лидерства Ахмада Захида является основной причиной волны выхода из партии, и хотят, чтобы он немедленно ушел в отставку. Бывший лидер молодежной организации «Умно» Келли сегодня написал в Твиттере, что Ахмад Захид должен немедленно уйти в отставку и позволить Умно переизбрать председателя партии. Он сказал, что Умно должен немедленно созвать чрезвычайный национальный конгресс для избрания нового руководства. Келли был одним из кандидатов в президенты от партии на выборах партии Умно в этом году, но в итоге проиграл Ахмаду Захиду."
风筝线割断四指 抢救16小时接回,江苏南通市两名男子日前放风筝时突遇狂风，因为来不及拿下缠绕手上的线，其中一人四只手指被风筝线割断，另一人则惨遭部分断掌。所幸两人及时送医，经抢救后已将手部断裂处接回。据《江苏新闻》报道，两名年逾50岁的男子周二在南通市区一片空地上放风筝，不久后两人察觉狂风将至，决定收起风筝。风筝线刚收到一半突然刮起大风，两人来不及取下缠在手上的线，其中一人除姆指外，其余四只手指当场被割断，另一人则部分手掌断裂。,https://www.zaobao.com.sg/sites/default/files/styles/og_share_medium/public/images/201904/20190412/kite.jpg?itok=z_d9C8R5,https://www.zaobao.com.sg/znews/others/story20190412-948111?utm_medium=social&utm_source=facebook#echobox=1555054228,Zaobao,20190413,"Четыре пальца были оторваны веревкой воздушного змея, спасены в течение 16 часов.","Двое мужчин в городе Наньтун, провинция Цзянсу, попали под сильный ветер во время запуска воздушного змея, так как у них не было времени снять веревку, обмотавшую их руки, у одного из них была отрезана веревка воздушного змея, а другой пострадал. частичная ампутация руки. К счастью, двоих вовремя доставили в больницу, и после спасения сломанная часть руки была восстановлена. Согласно сообщению «Jiangsu News», во вторник двое мужчин старше 50 лет запускали воздушного змея на открытом поле в городе Наньтун. Вскоре после этого они поняли, что приближается сильный ветер, и решили убрать воздушного змея. Когда веревка змея была наполовину получена, внезапно подул сильный ветер, и двое не успели снять веревку, обмотавшуюся вокруг их рук, у одного из них на месте отрубили все четыре пальца, кроме большого, а у другого часть его ладони сломана."
涉喊私会党口号 歌台艺人“黑人”打算认罪,涉嫌在中元会上高喊私会党口号，马国酒王“黑人”伟宗明天被控。他今早受访时表示，做错事就必须承担，打算认罪。《新明日报》独家报道，事件发生在去年9月7日，义顺5道第101座组屋一带的中元会歌台晚宴上。马国酒王“黑人”伟宗高唱《跟往事干杯》时，有人两次高喊私会党的口号，还说是私会党的地盘，让在场的一些观众面有难色，不知所措。根据报道，喊口号的相信是现场的一名观众，另一人则是歌星伟宗。,https://www.zaobao.com.sg/sites/default/files/styles/og_share_medium/public/images/201904/20190415/20190415_news_sihuidang_getai.jpg?itok=rIWpmKpt&c=2b74f574d35269f9881d5f51c35c0797,https://www.zaobao.com.sg/realtime/singapore/story20190415-948828?utm_medium=social&utm_source=facebook#echobox=1555310767,Zaobao,20190415,Гетайский артист «Блэк» намерен признать себя виновным в скандировании секретных партийных лозунгов,"Подозреваемый в скандировании секретных партийных лозунгов на встрече в середине Юаня «черному» Вэйцзуну, винному королю Малайзии, завтра будет предъявлено обвинение. В интервью сегодня утром он сказал, что должен взять на себя ответственность за то, что он сделал неправильно, и намерен признать себя виновным. Эксклюзивное издание Xin Ming Daily сообщило, что инцидент произошел 7 сентября прошлого года во время ужина Zhongyuan Huigetai в блоке 101, Yishun Avenue 5. Когда «черный» король вина в Малайзии Вэй Цзун спел «Cheers to the Past», кто-то дважды пропел лозунг тайного общества и сказал, что это территория тайного общества, что заставило некоторых зрителей выглядеть смущенными и в убыток. . Согласно сообщениям, тот, кто выкрикивал этот лозунг, предположительно был одним из зрителей на месте происшествия, а другой человек — певцом Вэйцзун."
美股標普500指數收漲 市場期待G20報佳音,美國股市標準普爾 500 指數與那斯達克指數今天均收紅，投資人寄望本週末於日本大阪舉行的 20 國集團（G20 ）峰會，能夠在解決美國與中國長期貿易爭端上獲得進展。,https://cdn.taronews.tw/files/2018/09/chart-1905225_1280.jpg,https://taronews.tw/2019/06/28/385236/,芋傳媒,20190628,"Индекс S&P 500 акций США закрылся в плюсе, и рынок ожидает, что G20 сообщит хорошие новости","И S&P 500, и Nasdaq сегодня закрылись в минусе, так как инвесторы надеялись, что саммит G20 в эти выходные в Осаке, Япония, позволит добиться прогресса в разрешении давнего торгового спора между США и Китаем."
散播重罰50萬！北投多家醫院爆麻疹群聚感染？疾管署證實：假訊息,近日社群媒體流傳一則訊息指出，北投多家醫院爆發麻疹群聚感染，引發民眾恐慌。疾管署今天澄清此為不實訊息，散播、傳發者依法最重可罰50萬元。衛生福利部疾病管制署今（25）日透過新聞稿表示，最近許多民眾都收到一則訊息指出，北投出現麻疹病患，還傳染給很多醫護人員，因此4月23日起到醫院都, https://image.cache.storm.mg/styles/smg-800x533-fp/s3/media/image/2018/05/11/20180511-122509_U4297_M411267_6520.jpg?itok=gZrLuG1P,https://www.storm.mg/article/1215118,風傳媒,20190426,Большой штраф 500 000 за распространение! Кластерная инфекция кори в нескольких больницах в Бэйтоу? CDC подтверждает: фейковые новости,"Недавно в социальных сетях распространилось сообщение о том, что в нескольких больницах Бэйтоу вспыхнули очаги заражения корью, что вызвало панику среди населения. Центры по контролю и профилактике заболеваний сегодня уточнили, что это ложная информация, и те, кто ее распространяет, могут быть оштрафованы на сумму до 500 000 юаней в соответствии с законом. Центры по контролю и профилактике заболеваний Министерства здравоохранения и социального обеспечения заявили в сегодняшнем (25-го) пресс-релизе, что многие люди недавно получили сообщение о том, что в Бэйтоу появились больные корью и заразили многих медицинских работников."
台陆委会主委：北京透过韩国瑜精心布局一国两制台湾方案,台湾主管大陆事务的陆委会主委陈明通表示，北京透过高雄市长韩国瑜布局一国两制台湾方案，不过，在野党国民党立委则批评，民进党政府不应该给韩国瑜戴红帽子。,https://gdb.voanews.com/72F4AC90-4FB6-4E99-921E-9E98A0FD26A4_cx0_cy3_cw0_w1200_r1_s.jpg,https://www.voachinese.com/a/Taiwan-MAC-Chairman-On-Han-Guoyu-Trip-To-China-20190327/4850096.html,VOA,20190328,"Председатель Совета по материковым делам Тайваня: Пекин тщательно реализует тайваньский план «одна страна, две системы» через Хань Гоюй","Чэнь Минтун, председатель Совета по материковым делам Тайваня, заявил, что Пекин развернул тайваньский план «одна страна, две системы» через мэра Гаосюна Хань Го-юя. -ю красную шапку."
不滿熨燙服務 獅航機師毆打飯店員工遭停飛,印尼獅子航空公司（Lion Air）今天表示，獅航一名機師因為不滿意制服熨燙方式而毆打飯店員工，現已遭到停飛處份。,https://cdn.taronews.tw/files/2018/10/1024px-Boeing_737-900ER_Lion_Air_Spijkers.jpg,https://taronews.tw/2019/05/03/329638/,芋傳媒,20190504,Пилот Lion Air осужден за избиение персонала отеля из-за глажки,"Индонезийская компания Lion Air заявила в понедельник, что пилот Lion Air, избивший работника отеля за то, что он был недоволен тем, как отглажена униформа, был наказан."
北柯南韓搶盡鋒頭  盧秀燕在台中聲音好微弱,同樣是藍軍新執政的直轄市，高雄、新北正在改變，台中呢？台中人應該很憂鬱，因為換人,https://www.cmmedia.com.tw/file/23375/1549852666_100073_cropped_85_1549852650_100073_main_Bin_4872盧秀燕韓國瑜.jpeg,https://www.cmmedia.com.tw/home/articles/14175,信傳媒,20190211,Северная Корея и Южная Корея оказались в центре внимания Голос Лу Сюяня настолько слаб в Тайчжуне,"Те же самые муниципалитеты, находящиеся в прямом подчинении центрального правительства, которыми недавно управляла «Синяя армия», Гаосюн и Новый Тайбэй меняются, а как насчет Тайчжуна? Люди в Тайчжуне должны быть очень подавлены из-за замены"
图辑：比英国还具英伦风的小镇,"福克兰群岛首府斯坦利距离英国本土大约9,000公里，但这里有传统英国酒吧和红色电话亭，让你感觉就像置身在英格兰一样。",https://ichef.bbci.co.uk/news/1024/branded_ukchina/14134/production/_94882228_22f19a78-e5d6-450c-8b69-35c261222b2b.jpg,https://www.bbc.com/ukchina/simp/vert-tra-39120851?ocid=socialflow_twitter,BBC,20181214,"На фото: Город более британский, чем Англия","Стэнли, столица Фолклендских островов, находится примерно в 9000 километрах от материковой части Великобритании, но с его традиционными британскими пабами и красными телефонными будками вы почувствуете себя в Англии."
王金平：一定會參選到底 靜觀未來發展,高雄市長韓國瑜與鴻海前董事長郭台銘競爭越來越激烈，前立法院長王金平今天受訪表示，憂心會影響國民黨未來團結，呼籲參選人都應互相節制，勿酸來酸去。,https://cdn.taronews.tw/files/2019/06/20190615PHO0128l.jpg,https://taronews.tw/2019/06/30/387257/,芋傳媒,20190701,Ван Цзиньпин: Обязательно добегу до конца и дождусь дальнейшего развития событий,"Конкуренция между мэром Гаосюна Хань Го-юем и бывшим председателем Хон Хай Терри Гоу становится все более и более ожесточенной.Бывший председатель законодательного органа Ван Цзиньпин сказал в сегодняшнем интервью, что он обеспокоен тем, что это повлияет на будущее единство Гоминьдана, и призвал на кандидатов проявлять сдержанность и не сердиться."
男子坠落尼加拉瀑布 侥幸生还,（早报讯）加拿大警方证实，一名男子日前坠落尼加拉瀑布（Niagara Fall）57公尺谷底，竟奇迹般生还，被发现时只受轻伤，坐在瀑布下方河流的石头上。据报道，警方周二清晨4时接获通报，指一名男子爬过挡土墙，准备向马蹄瀑布（Horseshoe Falls）的边缘前进，“情况相当危急”。当警员赶到现场时，男子已爬过最后一道栏杆，并在很短的时间内被瀑布卷走，消失在水气蒸腾的薄雾中。由于瀑布落差极高，且下方潭内遍布大量岩石，男子坠谷后原,https://www.zaobao.com.sg/sites/default/files/styles/og_share_medium/public/images/201907/20190711/photo.jpg.jpg?itok=T6wkzcpO,https://www.zaobao.com.sg/realtime/world/story20190711-971556?utm_medium=social&utm_source=facebook#echobox=1562814866,Zaobao,20190711,Мужчина пережил падение в Ниагарском водопаде,"(Morning News) Канадская полиция подтвердила, что несколько дней назад мужчина упал с высоты 57 метров на дно Ниагарского водопада (Niagara Falls), но чудом выжил. Согласно сообщениям, в 4 часа утра во вторник в полицию поступил звонок о том, что мужчина перелез через подпорную стену и собирался пробраться к краю (водопада «Подкова») «в очень критической ситуации». К тому времени, когда прибыли полицейские, мужчина перелез через последние перила и вскоре был смыт водопадом, прежде чем исчезнуть в дымящемся тумане. Из-за чрезвычайно высокого падения водопада и большого количества камней в бассейне внизу мужчина упал в долину и оказался"
經濟部首邀業者出席會議！林百里：台灣要發展AI，需注意「這些問題」,接地氣？經濟部今（30）日召開例行部務會議，被媒體發現廣達董事長林百里也列席，成為經部首例。經濟部長沈榮津表示，此次邀請林百里，是希望林以AI產業化為題分享業界經驗、提醒政府還有哪些事要做。而林百里在會議中，也提出台灣有人才少、市場少及電力不足等問題。經濟部的台商回台投資案審查，, https://image.cache.storm.mg/styles/smg-800x533-fp/s3/media/image/2019/03/23/20190323-044937_U7167_M507934_f8e4.jpg?itok=leIAwHzA,https://www.storm.mg/article/1339160,風傳媒,20190531,"Министр экономики приглашает участников отрасли на встречу! Линь Байли: Тайваню нужно обратить внимание на «эти проблемы», если он хочет развивать ИИ","Приземленный? Сегодня (30 числа) в Министерстве экономики состоялось очередное министерское совещание, на котором, как стало известно СМИ, также присутствовал председатель Quanta Лин Бейли, что стало первым случаем в Министерстве экономики. Министр экономики Шэнь Жунджин сказал, что на этот раз приглашение Лин Байли связано с надеждой на то, что Линь поделится отраслевым опытом по теме индустриализации ИИ и напомнит правительству, что еще нужно сделать. На встрече Линь Байли также поднял такие вопросы, как нехватка талантов на Тайване, отсутствие рынка и нехватка электроэнергии. Рассмотрение Министерством экономики дела о возвращении тайваньских бизнесменов в тайваньские инвестиции,"
捷克舉辦六四天安門攝影展 紀念絲絨革命30周年,中國天安門事件和絲絨革命兩起歷史事件在同一年發生，捷克民眾當時也害怕會遭武力鎮壓，而捷克參議院為了紀念推翻捷克斯洛伐克共產政權的「絲絨革命」屆滿30年，近日舉辦六四天安門事件攝影展。主辦展覽的參議員黑爾茲（Marek Hilser）昨(22)日表示，在中國仍不能提到和六四天安門相關內容，中國依然嚴格,https://newtalk.tw/resize_action2/s.newtalk.tw/album/news/256/5cf5263427852.jpg?imgmax=800,https://newtalk.tw/news/view/2019-07-23/276350,NewTalk.tw,20190724,"4 июня в Чехии пройдет фотовыставка на площади Тяньаньмэнь, посвященная 30-летию Бархатной революции","Инцидент на площади Тяньаньмэнь в Китае и Бархатная революция произошли в один и тот же год. Чешский народ также боялся быть подавленным силой. Сенат Чехии недавно провел инцидент на площади Тяньаньмэнь 4 июня в ознаменование 30-летия «бархатной революции», которая свергла Коммунистический режим в Чехословакии.Фотовыставка. Сенатор Марек Хильзер, устроивший выставку, заявил вчера (22), что в Китае по-прежнему запрещено упоминать материалы, связанные с площадью Тяньаньмэнь, и Китай по-прежнему строго"
法国提醒美国不要退出欧洲防务,访美的法国国防部长帕利称，美国若决定退出欧洲防务并“处理自己的事务”，可能会反过来给美国自身带来麻烦。,http://i.ftimg.net/picture/5/000084375_piclink.jpg,http://www.ftchinese.com/story/001081935,FT,20190320,Франция предостерегает США от выхода из европейской обороны,"Министр обороны Франции Парли, находившийся с визитом в Соединенных Штатах, заявил, что, если Соединенные Штаты решат выйти из европейской обороны и «заниматься своими делами», это, в свою очередь, может создать проблемы для самих Соединенных Штатов."
第二次「特金會」，還有被照亮的越南,國際正在觀望，二次「特金會」帶來的實質成果，東道主越南則藉機會向世界推廣自己。,https://d32kak7w9u5ewj.cloudfront.net/media/image/2019/02/e465d960345f49009d9b2777b460f7a9.jpg,https://theinitium.com/article/20190228-photo-trump-kimjongun/,Initium,20190228,Вторая встреча Трампа и Кима и освещение Вьетнама,"Мир ждет, что принесет вторая встреча Трампа и Кима Вьетнам, принимающий встречу, пользуется возможностью, чтобы заявить о себе миру."
金正恩称朝俄对话有利地区稳定,朝鲜领导人金正恩表示，朝俄对话有望为稳定管控地区局势发挥积极作用。韩联社报道，金正恩周三（24日）乘坐专列抵达位于俄罗斯滨海边疆区的哈桑站后，接受了俄罗斯广播电视台的独家采访，并就即将举行的朝俄领导人会谈作上述表示。金正恩说，感谢俄罗斯人民的热情款待，他相信本次访问将圆满成功，并表示将同俄方就许多问题交换意见。,https://www.zaobao.com.sg/sites/default/files/styles/og_share_medium/public/images/201904/20190424/thchiang201904241652191.jpg?itok=bwc_mtew&c=00c7469b284dd8365af2b7bf7057c11c,https://www.zaobao.com.sg/realtime/world/story20190424-951228?utm_medium=social&utm_source=facebook#echobox=1556102411,Zaobao,20190425,"Ким Чен Ын заявил, что диалог между КНДР и Россией способствует стабильности в регионе","Северокорейский лидер Ким Чен Ын заявил, что диалог между Северной Кореей и Россией, как ожидается, сыграет положительную роль в стабилизации и контроле региональной ситуации. Информационное агентство Yonhap сообщило, что после того, как Ким Чен Ын прибыл на станцию ​​Хасан в Приморском крае России специальным поездом в среду (24-го числа), он согласился дать эксклюзивное интервью Российскому радио и телевидению и сделал вышеупомянутые замечания о предстоящей встрече лидеров КНДР и России. встреча. Ким Чен Ын выразил благодарность российскому народу за теплое гостеприимство, рассчитывая, что этот визит будет иметь полный успех, и выразил готовность обменяться мнениями с российской стороной по многим вопросам."
欧洲铁路巨擘合并遭遇阻力,德国联邦卡特尔局对西门子与阿尔斯通合并铁路业务的交易提出“严重质疑”，但该交易受到法德政府在政治上的全力支持。,http://i.ftimg.net/picture/2/000083022_piclink.jpg,http://www.ftchinese.com/story/001081058,FT,20190114,Консолидация европейских железнодорожных гигантов встречает сопротивление,"Немецкий офис Bundescartel выразил «серьезные сомнения» в отношении сделки по объединению железнодорожных операций Siemens с Alstom, но эта сделка пользуется полной политической поддержкой правительств Франции и Германии."
時代力量2大危機：黨內挺英派連署施壓、國會席次恐立即少一席,時代力量因私菸案遭泛綠排擠，不只對立委黃國昌火力全開，泛黃國昌體系的人也受到波及,https://www.cmmedia.com.tw/file/27723/1564556717_100073_cropped_94_1564556702_100073_main_（已使用）IMG_4397時代力量黨慶募款餐會.JPG,https://www.cmmedia.com.tw/home/articles/16781,信傳媒,20190801,"Два главных кризиса власти того времени: пробританская фракция в партии совместно подписала давление, и количество мест в Конгрессе может быть немедленно потеряно","Власть того времени была выдавлена ​​пан-зелеными из-за незаконного портсигара, не только оппозиционный законодатель Хуан Гочан был полностью уволен, но и люди в системе панхуан Гочан пострадали"
MLB》法蘭柯納掛保證 張育成最有機會在春訓鎮守游擊,來自台東的旅美好手張育成，在去年亞利桑那的秋季聯賽中表現相當出色，克里夫蘭印地安人總教練法蘭柯納（TerryFrancona）也看在眼裡，在陣中明星游擊手林多（FranciscoLindor）春訓時拉傷將缺陣7到9週的狀況下，法蘭柯納也表示：「張育成是最有機會在春訓擔任游擊手的球, https://image.cache.storm.mg/styles/smg-800x533-fp/s3/media/image/2018/10/06/20181006-105027_U12604_M460066_5015.jpg?itok=TNb3SwZT,https://www.storm.mg/article/952908,風傳媒,20190216,"MLB Фрэнк Коннер гарантирует, что у Чжан Юйчэна будет больше шансов защитить партизан на весенних тренировках.","Чжан Юйчэн, хороший игрок из Тайдуна, очень хорошо выступил в осенней лиге Аризоны в прошлом году. Это видел и главный тренер «Кливленд Индианс» Терри Франкона (Terry Francona). к напряжению во время весенних тренировок, и Франкона также сказал: «Чжан Юйчэн - игрок, у которого больше всего шансов стать шорт-стопом на весенних тренировках."
